{
  "xdm:activityID": "1",
  "xdm:activityType": {
    "xdm:ID": "6",
    "xdm:type": "Event"
  },
  "@id": "https://data.adobe.io/experienceid-123456",
  "xdm:timestamp": "2020-05-19T09:05:25+00:00",
  "xdm:eventType": "",
  "xdm:extSourceSystemAudit": {
    "xdm:createdBy": "USER111",
    "xdm:createdDate": "2018-01-19T15:52:25+00:00",
    "xdm:lastUpdatedBy": "USER2222",
    "xdm:lastUpdatedDate": "2018-01-19T15:52:25+00:00",
    "xdm:lastActivityDate": "2018-01-19T15:52:25+00:00",
    "xdm:lastReferencedDate": "2018-01-20T15:52:25+00:00",
    "xdm:lastViewedDate": "2018-01-26T15:52:25+00:00"
  }
}
