{
  "meta:license": [
    "Copyright 2020 Adobe Systems Incorporated. All rights reserved.",
    "This work is licensed under a Creative Commons Attribution 4.0 International (CC BY 4.0) license",
    "you may not use this file except in compliance with the License. You may obtain a copy",
    "of the License at https://creativecommons.org/licenses/by/4.0/"
  ],
  "$id": "https://ns.adobe.com/xdm/context/activity-type",
  "$schema": "http://json-schema.org/draft-06/schema#",
  "title": "XDM Activity Type",
  "type": "object",
  "meta:extensible": true,
  "meta:abstract": true,
  "meta:extends": ["https://ns.adobe.com/xdm/data/record"],
  "description": "An XDM Activity type in the form of a task or a business event",
  "definitions": {
    "activity-type": {
      "properties": {
        "xdm:activityType": {
          "type": "object",
          "properties": {
            "xdm:ID": {
              "title": "Activity type ID",
              "description": "Activity Type unique identifer for a given task or a business event",
              "type": "string"
            }
          },
          "required": ["xdm:ID"]
        }
      }
    }
  },
  "allOf": [
    {
      "$ref": "https://ns.adobe.com/xdm/common/extensible#/definitions/@context"
    },
    {
      "$ref": "https://ns.adobe.com/xdm/data/record"
    },
    {
      "$ref": "https://ns.adobe.com/xdm/common/external-source-system-audit-details"
    },
    {
      "$ref": "#/definitions/activity-type"
    }
  ],
  "meta:status": "experimental"
}
