{
  "meta:license": [
    "Copyright 2017 Adobe Systems Incorporated. All rights reserved.",
    "This work is licensed under a Creative Commons Attribution 4.0 International (CC BY 4.0) license",
    "you may not use this file except in compliance with the License. You may obtain a copy",
    "of the License at https://creativecommons.org/licenses/by/4.0/"
  ],
  "$id": "https://ns.adobe.com/xdm/common/geo",
  "$schema": "http://json-schema.org/draft-06/schema#",
  "type": "object",
  "meta:extensible": true,
  "meta:extends": ["http://schema.org/GeoCoordinates"],
  "title": "Geo",
  "description": "The geographic related data where an event was observed.",
  "definitions": {
    "countrycode": {
      "properties": {
        "xdm:countryCode": {
          "title": "Country code",
          "type": "string",
          "pattern": "^[A-Z]{2}$",
          "description": "The two-character [ISO 3166-1 alpha-2](https://datahub.io/core/country-list) code for the country.",
          "meta:titleId": "geo##xdm:countryCode##title##58161",
          "meta:descriptionId": "geo##xdm:countryCode##description##5121"
        }
      }
    },
    "stateprovince": {
      "properties": {
        "xdm:stateProvince": {
          "title": "State or province",
          "type": "string",
          "description": "The state, or province portion of the observation. The format follows the [ISO 3166-2 (country and subdivision)][http://www.unece.org/cefact/locode/subdivisions.html] standard.",
          "examples": ["US-CA", "DE-BB", "JP-13"],
          "pattern": "([A-Z]{2}-[A-Z0-9]{1,3}|)",
          "meta:titleId": "geo##xdm:stateProvince##title##39821",
          "meta:descriptionId": "geo##xdm:stateProvince##description##87801"
        }
      }
    },
    "city": {
      "properties": {
        "xdm:city": {
          "title": "City",
          "type": "string",
          "description": "The name of the city.",
          "meta:titleId": "geo##xdm:city##title##87841",
          "meta:descriptionId": "geo##xdm:city##description##10401"
        }
      }
    },
    "postalcode": {
      "properties": {
        "xdm:postalCode": {
          "title": "Postal code",
          "type": "string",
          "description": "The postal code of the location. Postal codes are not available for all countries. In some countries, this will only contain part of the postal code.",
          "meta:titleId": "geo##xdm:postalCode##title##7341",
          "meta:descriptionId": "geo##xdm:postalCode##description##37131"
        }
      }
    },
    "dmaid": {
      "properties": {
        "xdm:dmaID": {
          "title": "Designated market area",
          "type": "integer",
          "description": "The Nielsen media research designated market area.",
          "meta:titleId": "geo##xdm:dmaID##title##62681",
          "meta:descriptionId": "geo##xdm:dmaID##description##1261"
        }
      }
    },
    "msaid": {
      "properties": {
        "xdm:msaID": {
          "title": "Metropolitan statistical area",
          "type": "integer",
          "description": "The metropolitan statistical area in the United States where the observation occurred.",
          "meta:titleId": "geo##xdm:msaID##title##82911",
          "meta:descriptionId": "geo##xdm:msaID##description##83581"
        }
      }
    }
  },
  "allOf": [
    {
      "$ref": "http://schema.org/GeoCoordinates"
    },
    {
      "$ref": "#/definitions/countrycode"
    },
    {
      "$ref": "#/definitions/stateprovince"
    },
    {
      "$ref": "#/definitions/city"
    },
    {
      "$ref": "#/definitions/postalcode"
    },
    {
      "$ref": "#/definitions/dmaid"
    },
    {
      "$ref": "#/definitions/msaid"
    }
  ],
  "meta:status": "stable",
  "meta:createdDate": "2021-02-19",
  "meta:titleId": "geo##title##88671",
  "meta:descriptionId": "geo##description##75321"
}
