{
  "meta:license": [
    "Copyright 2018 Adobe Systems Incorporated. All rights reserved.",
    "This work is licensed under a Creative Commons Attribution 4.0 International (CC BY 4.0) license",
    "you may not use this file except in compliance with the License. You may obtain a copy",
    "of the License at https://creativecommons.org/licenses/by/4.0/"
  ],
  "$id": "https://ns.adobe.com/xdm/common/geounit",
  "$schema": "http://json-schema.org/draft-06/schema#",
  "type": "object",
  "meta:extensible": true,
  "title": "Geographical unit",
  "description": "The geographical unit of a parent geographical unit.",
  "definitions": {
    "geounit": {
      "properties": {
        "@id": {
          "title": "Identifier",
          "type": "string",
          "format": "uri-reference",
          "description": "The ID associated with this geographical unit.",
          "meta:titleId": "geounit##@id##title##3971",
          "meta:descriptionId": "geounit##@id##description##45141"
        },
        "xdm:label": {
          "title": "Label of the geographical unit.",
          "type": "string",
          "description": "The user-friendly name for the geographical unit.",
          "meta:titleId": "geounit##xdm:label##title##71171",
          "meta:descriptionId": "geounit##xdm:label##description##16511"
        }
      },
      "required": ["@id"]
    }
  },
  "allOf": [
    {
      "$ref": "#/definitions/geounit"
    }
  ],
  "meta:status": "stable",
  "meta:createdDate": "2021-02-19",
  "meta:titleId": "geounit##title##59781",
  "meta:descriptionId": "geounit##description##91921"
}
