{
  "meta:license": [
    "Copyright 2017 Adobe Systems Incorporated. All rights reserved.",
    "This work is licensed under a Creative Commons Attribution 4.0 International (CC BY 4.0) license",
    "you may not use this file except in compliance with the License. You may obtain a copy",
    "of the License at https://creativecommons.org/licenses/by/4.0/"
  ],
  "$id": "https://ns.adobe.com/xdm/context/phonenumber",
  "$schema": "http://json-schema.org/draft-06/schema#",
  "title": "Phone number",
  "type": "object",
  "meta:extensible": true,
  "description": "Information that enables the contact of a person with a phone. Typically an alphanumeric number, 1-222-333-4444 in North America, but can have a wide range of formats.",
  "definitions": {
    "phonenumber": {
      "properties": {
        "xdm:primary": {
          "title": "Primary",
          "type": "boolean",
          "description": "Primary phone number indicator. Unlike address or email address, there can be multiple primary phone numbers; one per communication channel. The communication channel is defined by the type: `textMessaging`, `mobile`, `phone`, `home`, `work`, `unknown`, and `fax`.",
          "meta:titleId": "phonenumber##xdm:primary##title##41111",
          "meta:descriptionId": "phonenumber##xdm:primary##description##56091"
        },
        "xdm:countryCode": {
          "title": "Country Calling Code",
          "type": "string",
          "description": "Country calling code (CC) as defined by E.164.",
          "minLength": 1,
          "maxLength": 3,
          "pattern": "^[0-9]{1,3}?$",
          "meta:titleId": "phonenumber##xdm:countryCode##title##5581",
          "meta:descriptionId": "phonenumber##xdm:countryCode##description##36551"
        },
        "xdm:number": {
          "title": "Number",
          "type": "string",
          "description": "The phone number. Note the phone number is a string and may include meaningful characters such as brackets '()', hyphens '-', or characters to indicate sub-dialing identifiers like extensions 'x' for example,  1-353(0)18391111 or +613 9403600x1234.",
          "meta:titleId": "phonenumber##xdm:number##title##12351",
          "meta:descriptionId": "phonenumber##xdm:number##description##88841"
        },
        "xdm:extension": {
          "title": "Extension",
          "type": "string",
          "description": "The internal dialing number used to call from a private exchange, operator, or switchboard.",
          "meta:titleId": "phonenumber##xdm:extension##title##74891",
          "meta:descriptionId": "phonenumber##xdm:extension##description##68961"
        },
        "xdm:status": {
          "title": "Status",
          "type": "string",
          "description": "An indication as to the ability to use the phone number.",
          "default": "active",
          "meta:enum": {
            "active": "Active",
            "incomplete": "Incomplete",
            "blacklisted": "Blacklisted",
            "blocked": "Blocked"
          },
          "meta:titleId": "phonenumber##xdm:status##title##48581",
          "meta:descriptionId": "phonenumber##xdm:status##description##63871"
        },
        "xdm:statusReason": {
          "title": "Status reason",
          "type": "string",
          "description": "A description of the current status.",
          "meta:titleId": "phonenumber##xdm:statusReason##title##57511",
          "meta:descriptionId": "phonenumber##xdm:statusReason##description##72871"
        },
        "xdm:validity": {
          "title": "Validity",
          "type": "string",
          "description": "A level of technical correctness of the phone number.",
          "meta:enum": {
            "consistent": "Consistent",
            "inconsistent": "Inconsistent",
            "incomplete": "Incomplete",
            "successfullyUsed": "Successfully used"
          },
          "meta:titleId": "phonenumber##xdm:validity##title##52201",
          "meta:descriptionId": "phonenumber##xdm:validity##description##36201"
        }
      }
    }
  },
  "allOf": [
    {
      "$ref": "https://ns.adobe.com/xdm/common/extensible#/definitions/@context"
    },
    {
      "$ref": "#/definitions/phonenumber"
    }
  ],
  "meta:status": "stable",
  "meta:createdDate": "2021-02-19",
  "meta:titleId": "phonenumber##title##62491",
  "meta:descriptionId": "phonenumber##description##28571"
}
