{
  "@id": "https://data.adobe.io/entities/places/locationid-123456",
  "schema:description": "A nice place to work",
  "xdm:address": {
    "@id": "https://data.adobe.io/entities/address/123",
    "xdm:primary": false,
    "xdm:street1": "345 Park Ave",
    "xdm:city": "San Jose",
    "xdm:stateProvince": "US-CA",
    "xdm:postalCode": "95110",
    "xdm:country": "United States",
    "xdm:countryCode": "US",
    "schema:latitude": 37.3382,
    "schema:longitude": 121.8863,
    "xdm:status": "active",
    "xdm:lastVerifiedDate": "2018-01-02"
  },
  "schema:telephone": "1-408-888-0000",
  "xdm:containsPlaces": [
    "https://data.adobe.io/entities/places/locationid-123457",
    "https://data.adobe.io/entities/places/locationid-123458"
  ]
}
