{
  "meta:license": [
    "Copyright 2017 Adobe Systems Incorporated. All rights reserved.",
    "This work is licensed under a Creative Commons Attribution 4.0 International (CC BY 4.0) license",
    "you may not use this file except in compliance with the License. You may obtain a copy",
    "of the License at https://creativecommons.org/licenses/by/4.0/"
  ],
  "$schema": "http://json-schema.org/draft-06/schema#",
  "$id": "https://ns.adobe.com/adobecloudplatform/ims/organization",
  "title": "IMS Organization",
  "description":
    "This model represents an IMS Organization. The IMS organization principal is a organization account under Adobe's identity management system (IMS).",
  "definitions": {
    "organization": {
      "type": "object",
      "properties": {
        "xdm:identityProvider": {
          "type": "string",
          "const": "ims"
        },
        "id": {
          "description":
            "Principal ID identifies an organization in IMS. It is a unique and persistent identifier which is allocated at the time the organization is created in the system. An organization's admin can find this value by logging into the [adminconsole](https://adminconsole.adobe.com) and parsing the resource URL they are redirected to.",
          "type": "string"
        },
        "type": {
          "type": "string",
          "const": "https://ns.adobe.com/adobecloudplatform/ims/organization"
        }
      }
    }
  },
  "allOf": [
    {
      "$ref": "https://ns.adobe.com/xdm/common/principal"
    },
    {
      "$ref": "#/definitions/organization"
    }
  ]
}
