{
  "meta:license": [
    "Copyright 2017 Adobe Systems Incorporated. All rights reserved.",
    "This work is licensed under a Creative Commons Attribution 4.0 International (CC BY 4.0) license",
    "you may not use this file except in compliance with the License. You may obtain a copy",
    "of the License at https://creativecommons.org/licenses/by/4.0/"
  ],
  "$schema": "http://json-schema.org/draft-06/schema#",
  "$id": "https://ns.adobe.com/adobecloudplatform/ims/user",
  "title": "IMS User",
  "description":
    "This model represents an authenticated IMS User. The IMS user principal is a user account under Adobe's identity management system (IMS).",
  "definitions": {
    "user": {
      "type": "object",
      "properties": {
        "xdm:identityProvider": {
          "type": "string",
          "const": "ims"
        },
        "xdm:id": {
          "description":
            "Principal ID identifies a user account in IMS. Its value is equivalent to the standard claim, `sub` as mentioned in the [openid connect 1.0 standard claims](http://openid.net/specs/openid-connect-core-1_0.html#StandardClaim). This value can be obtained by fetching the [userinfo resource](http://openid.net/specs/openid-connect-core-1_0.html#UserInfo) for a particular user [in IMS](https://wiki.corp.adobe.com/display/ims/IMS+API+-+userinfo).",
          "type": "string"
        },
        "xdm:type": {
          "type": "string",
          "const": "https://ns.adobe.com/adobecloudplatform/ims/user"
        }
      }
    },
    "publicprofile": {
      "xdm:displayName": {
        "title": "Name",
        "type": "string",
        "description": "Display name."
      },
      "xdm:profileImage": {
        "title": "Image",
        "format": "uri",
        "type": "string",
        "description": "Profile avatar/picture of the person."
      },
      "xdm:profileLink": {
        "title": "Image",
        "format": "uri",
        "type": "string",
        "description": "Link to the public profile of the person. An example of the same is Adobe Behance public profile."
      }
    }
  },
  "allOf": [
    {
      "$ref": "https://ns.adobe.com/xdm/common/principal"
    },
    {
      "$ref": "#/definitions/user"
    },
    {
      "$ref": "#/definitions/publicprofile"
    }
  ],
  "required" : ["xdm:identityProvider", "xdm:id", "xdm:type"],
  "meta:status": "deprecated"
}
