{
  "meta:license": [
    "Copyright 2017 Adobe Systems Incorporated. All rights reserved.",
    "This work is licensed under a Creative Commons Attribution 4.0 International (CC BY 4.0) license",
    "you may not use this file except in compliance with the License. You may obtain a copy",
    "of the License at https://creativecommons.org/licenses/by/4.0/"
  ],
  "$id": "https://ns.adobe.com/xdm/data/discount",
  "$schema": "http://json-schema.org/draft-06/schema#",
  "title": "Discount",
  "type": "object",
  "description": "This is an offer from the supplier to the purchaser, to reduce the payment amount if the payment is made within a certain period of time.",
  "definitions": {
    "discount": {
      "properties": {
        "schema:description": {
          "title": "Description",
          "description": "Describes the discounting rules in detail. ",
          "type": "string"
        },
        "xdm:code": {
          "title": "Code",
          "type": "string",
          "description": "The description of the `discountValue` attribute. e.g percentage, currency, 3for2 etc. Can be enumerated, custom values allowed.",
          "meta:enum": {
            "bogo": "Buy one, get one free",
            "bogoho": "Buy one, get one half off",
            "3for2": "Three for the price of two",
            "3fixed": "Any three items for a fixed price",
            "voucher": "Save `xdm:value` when you spend more than `xdm:condition`",
            "fixed": "Fixed amount off",
            "percentage": "Percentage amount off",
            "shipping": "Free shipping"
          }
        },
        "xdm:value": {
          "title": "Value",
          "type": "number",
          "description": "If the discount description indicates a percentage or similar formulaic value, it is represented here, can be percentage or currency amount."
        },
        "xdm:condition": {
          "title": "Condition",
          "description": "The minimum amount of items or price for the discount to qualify."
        }
      }
    }
  },
  "allOf": [
    {
      "$ref": "#/definitions/discount"
    }
  ],
  "required": ["xdm:code"],
  "meta:status": "stable"
}
