{
  "meta:license": [
    "Copyright 2018 Adobe Systems Incorporated. All rights reserved.",
    "This work is licensed under a Creative Commons Attribution 4.0 International (CC BY 4.0) license",
    "you may not use this file except in compliance with the License. You may obtain a copy",
    "of the License at https://creativecommons.org/licenses/by/4.0/"
  ],
  "$id": "https://ns.adobe.com/xdm/data/starts",
  "$schema": "http://json-schema.org/draft-06/schema#",
  "title": "Starts",
  "type": "object",
  "meta:extensible": true,
  "meta:extends": [
    "https://ns.adobe.com/xdm/data/metricdefinition"
  ],
  "description": "Indicates the first frame of the timed media was viewed - i.e. the viewer did not abandon during pre-roll ad, buffering, etc.",
  "definitions": {
    "metricdefinition": {
      "properties": {
        "@id": {
          "type": "string",
          "const": "xdm:starts",
          "description": "The unique identifier of this metric."
        },
        "schema:name": {
          "type": "string",
          "const": "metric: starts",
          "description": "Indicates the first frame of the timed media asset was viewed - i.e. the viewer did not abandon during pre-roll ad, buffering, etc."
        },
        "xdm:measurement": {
          "type": "string",
          "description": "How to take measures of this metric.",
          "const": "count"
        },
        "xdm:unit": {
          "const": ""
        }
      }
    }
  },
  "allOf": [
    {
      "$ref": "#/definitions/metricdefinition"
    },
    {
      "$ref": "https://ns.adobe.com/xdm/data/metricdefinition"
    }
  ],
  "required": [
    "@id",
    "schema:name",
    "xdm:measurement",
    "xdm:unit"
  ],
  "meta:status": "stable"
}