{
  "meta:license": [
    "Copyright 2017 Adobe Systems Incorporated. All rights reserved.",
    "This work is licensed under a Creative Commons Attribution 4.0 International (CC BY 4.0) license",
    "you may not use this file except in compliance with the License. You may obtain a copy",
    "of the License at https://creativecommons.org/licenses/by/4.0/"
  ],
  "$schema": "http://json-schema.org/draft-06/schema#",
  "$id": "https://ns.adobe.com/xdm/common/identity",
  "title": "User identity",
  "type": "object",
  "meta:extensible": true,
  "description": "This model represents an authenticated IMS user. The IMS user principal is a user account under Adobe's identity management system (IMS).",
  "definitions": {
    "identity": {
      "type": "object",
      "properties": {
        "xdm:identityProvider": {
          "description": "The identity provider that manages this principal.",
          "type": "string",
          "meta:enum": ["ims"],
          "meta:descriptionId": "identity##xdm:identityProvider##description##52561"
        },
        "xdm:id": {
          "description": "Principal ID identifies a user account in IMS. Its value is equivalent to the standard claim, `sub` as mentioned in the [openid connect 1.0 standard claims](http://openid.net/specs/openid-connect-core-1_0.html#StandardClaim). This value can be obtained by fetching the [userinfo resource](http://openid.net/specs/openid-connect-core-1_0.html#UserInfo) for a particular user [in IMS](https://wiki.corp.adobe.com/display/ims/IMS+API+-+userinfo).",
          "type": "string",
          "meta:descriptionId": "identity##xdm:id##description##72031"
        },
        "xdm:type": {
          "type": "string",
          "meta:enum": ["https://ns.adobe.com/xdm/common/user"],
          "format": "uri",
          "description": "The type of the identity. Acts as a processing hint to the client. Ideally, each value should be identified as a [URI](https://tools.ietf.org/html/rfc3986).",
          "meta:descriptionId": "identity##xdm:type##description##84161"
        }
      }
    },
    "publicprofile": {
      "xdm:displayName": {
        "title": "Name",
        "type": "string",
        "description": "Display name.",
        "meta:titleId": "identity##xdm:displayName##title##41581",
        "meta:descriptionId": "identity##xdm:displayName##description##95311"
      },
      "xdm:profileImage": {
        "title": "Image",
        "format": "uri",
        "type": "string",
        "description": "Profile avatar or picture of the person.",
        "meta:titleId": "identity##xdm:profileImage##title##99881",
        "meta:descriptionId": "identity##xdm:profileImage##description##39701"
      },
      "xdm:profileLink": {
        "title": "Image",
        "format": "uri",
        "type": "string",
        "description": "Link to the public profile of the person, for example linking to the users Adobe Behance public profile.",
        "meta:titleId": "identity##xdm:profileLink##title##80311",
        "meta:descriptionId": "identity##xdm:profileLink##description##21921"
      }
    }
  },
  "allOf": [
    {
      "$ref": "#/definitions/identity"
    },
    {
      "$ref": "#/definitions/publicprofile"
    }
  ],
  "required": ["xdm:identityProvider", "xdm:id", "xdm:type"],
  "meta:status": "deprecated",
  "meta:createdDate": "2020-08-10",
  "meta:titleId": "identity##title##13061",
  "meta:descriptionId": "identity##description##41621"
}
