{
  "repo:name": "example",
  "repo:path": "/content/example",
  "dc:title": "Example Page for XDM.",
  "xdm:shortTitle": "Example",
  "repo:createDate": "2017-09-26T13:27:36+00:00",
  "xdm:repositoryCreatedBy": "https://identity.adobe.io/users/tripod@adobe.com",
  "repo:modifyDate": "2017-09-26T13:31:19+00:00",
  "xdm:repositoryLastModifiedBy": "https://identity.adobe.io/users/trieloff@adobe.com",
  "xdm:language": "en-US",
  "xdm:template": "https://francois.corp.adobe.com:4502/apps/foundation/generic_page",
  "teaser": {
    "type": "https://francois.corp.adobe.com:4502/apps/foundation/teaser",
    "title": "Sunglasses",
    "image": {
      "@type": "http://ns.adobe.com/adobecloud/core/1.0/asset",
      "repo:id": "urn:aaid:aem:4123ba4c-93a8-4c5d-b979-ffbbe4318185",
      "@id": "https://francois.corp.adobe.com:4502/content/dam/Fx_DUKE-small.jpg"
    }
  },
  "par": {
    "@type": "https://francois.corp.adobe.com:4502/apps/foundation/generic_container",
    "xdm:items_order": ["title0", "text0", "image0"],
    "xdm:items": {
      "title0": {
        "type": "https://francois.corp.adobe.com:4502/apps/foundation/title",
        "title": "Protect Your Eyes"
      },
      "image0": {
        "type": "https://francois.corp.adobe.com:4502/apps/foundation/image",
        "image": {
          "@type": "http://ns.adobe.com/adobecloud/core/1.0/asset",
          "asset_id": "urn:aaid:aem:4123ba4c-93a8-4c5d-b979-1234e4318185",
          "id": "https://francois.corp.adobe.com:4502/content/dam/Glasses-small.jpg"
        }
      },
      "text0": {
        "type": "https://francois.corp.adobe.com:4502/apps/foundation/text",
        "text": "<p>Even during high UV levels...</p>"
      }
    }
  }
}
