{
  "meta:license": [
    "Copyright 2017 Adobe Systems Incorporated. All rights reserved.",
    "This work is licensed under a Creative Commons Attribution 4.0 International (CC BY 4.0) license",
    "you may not use this file except in compliance with the License. You may obtain a copy",
    "of the License at https://creativecommons.org/licenses/by/4.0/"
  ],
  "$schema": "http://json-schema.org/draft-06/schema#",
  "$id": "https://ns.adobe.com/xdm/content/page-component",
  "type": "object",
  "title": "Page component",
  "meta:extensible": true,
  "description": "",
  "definitions": {
    "component": {
      "properties": {
        "@type": {
          "type": "string",
          "format": "uri",
          "description": "Type of the component and acts as processing hint for the client."
        }
      }
    }
  },
  "allOf": [
    {
      "$ref": "#/definitions/component"
    },
    {
      "$ref": "https://ns.adobe.com/xdm/content/componentized-page#/definitions/residuals"
    }
  ],
  "meta:status": "stable"
}
