{
  "meta:license": [
    "Copyright 2017 Adobe Systems Incorporated. All rights reserved.",
    "This work is licensed under a Creative Commons Attribution 4.0 International (CC BY 4.0) license",
    "you may not use this file except in compliance with the License. You may obtain a copy",
    "of the License at https://creativecommons.org/licenses/by/4.0/"
  ],
  "$schema": "http://json-schema.org/draft-06/schema#",
  "$id": "https://ns.adobe.com/xdm/content/repository",
  "title": "Content repository",
  "description": "A content repository that is compliant with the Adobe Experience Platform API specification.",
  "type": "object",
  "properties": {
    "xdm:root": {
      "name": "Root resource",
      "decription": "The location of the root resource of the repository. The root resource is of significance because it defines the entry point into the repository, in an hypermedia sense.",
      "type": "string",
      "format": "uri"
    }
  },
  "required": [
    "xdm:root"
  ],
  "meta:status": "stable"
}