{
  "@type": "https://ns.adobe.com/xdm/common/event/published",
  "xdm:objectType": "https://ns.adobe.com/xdm/content/componentized-page",
  "activitystreams:published": "2016-07-16T19:20:30+01:00",
  "@id": "https://events.adobe.io/event/id/82235bac-2b81-4e70-90b5-2bd1f04b5c7b",
  "activitystreams:to": {
    "@type": "http://ns.adobe.com/adobecloudplatform/ims/organization",
    "@id": "08B3E5CE5822FC520A494229@AdobeOrg"
  },
  "activitystreams:generator": {
    "@type": "https://ns.adobe.com/xdm/content/repository",
    "@id": "https://francois.corp.adobe.com:4502/"
  },
  "activitystreams:actor": {
    "@type": "https://ns.adobe.com/experience/aem/user",
    "@id": "admin"
  },
  "activitystreams:object": {
    "@type": "https://ns.adobe.com/xdm/content/componentized-page",
    "@id": "http://adobesummit.adobesandbox.com:4502/content/geometrixx/en/vintage.html",
    "dc:title": "Vintage Collection",
    "xdm:path": "/content/geometrixx/en/vintage.html"
  }
}
