{
  "xdm:campaignMemberID": "1",
  "xdm:campaign": {
    "xdm:ID": "1003",
    "xdm:type": "Direct Mail"
  },
  "xdm:extSourceSystemAudit": {
    "xdm:createdBy": "USER111",
    "xdm:createdDate": "2018-01-19T15:52:25+00:00",
    "xdm:lastUpdatedBy": "USER2222",
    "xdm:lastUpdatedDate": "2018-01-19T15:52:25+00:00",
    "xdm:lastActivityDate": "2018-01-19T15:52:25+00:00",
    "xdm:lastReferencedDate": "2018-01-20T15:52:25+00:00",
    "xdm:lastViewedDate": "2018-01-26T15:52:25+00:00"
  }
}
