{
  "meta:license": [
    "Copyright 2020 Adobe Systems Incorporated. All rights reserved.",
    "This work is licensed under a Creative Commons Attribution 4.0 International (CC BY 4.0) license",
    "you may not use this file except in compliance with the License. You may obtain a copy",
    "of the License at https://creativecommons.org/licenses/by/4.0/"
  ],
  "$id": "https://ns.adobe.com/xdm/context/campaign-member",
  "$schema": "http://json-schema.org/draft-06/schema#",
  "title": "XDM Business Campaign Members",
  "type": "object",
  "auditable": true,
  "meta:extensible": true,
  "meta:abstract": true,
  "meta:extends": ["https://ns.adobe.com/xdm/data/record"],
  "description": "XDM Business Campaign Members is a standard Experience Data Model (XDM) class that describes a contact or lead associated with a business campaign. This XDM class can only be included in the profile for customers with the B2B or B2P Edition.",
  "definitions": {
    "campaign-member": {
      "properties": {
        "xdm:campaignMemberID": {
          "title": "Campaign Member ID",
          "description": "Campaign Member unique identifer.",
          "type": "string",
          "meta:titleId": "campaign-member##xdm:campaignMemberID##title##6831",
          "meta:descriptionId": "campaign-member##xdm:campaignMemberID##description##26351"
        },
        "xdm:campaignMemberKey": {
          "title": "Campaign Member Key",
          "description": "Unique composite identifer of the campaign member.",
          "$ref": "https://ns.adobe.com/xdm/datatypes/b2b-source",
          "meta:titleId": "campaign-member##xdm:campaignMemberKey##title##46511",
          "meta:descriptionId": "campaign-member##xdm:campaignMemberKey##description##6921"
        },
        "xdm:campaignID": {
          "title": "Campaign ID",
          "description": "Campaign Unique Identifer.",
          "type": "string",
          "meta:titleId": "campaign-member##xdm:campaignID##title##26371",
          "meta:descriptionId": "campaign-member##xdm:campaignID##description##86741"
        },
        "xdm:campaignKey": {
          "title": "Campaign Key",
          "description": "Unique composite identifer of the campaign.",
          "$ref": "https://ns.adobe.com/xdm/datatypes/b2b-source",
          "meta:titleId": "campaign-member##xdm:campaignKey##title##86721",
          "meta:descriptionId": "campaign-member##xdm:campaignKey##description##65531"
        },
        "xdm:personID": {
          "title": "Person ID",
          "description": "Person unique identifier.",
          "type": "string",
          "meta:titleId": "campaign-member##xdm:personID##title##80381",
          "meta:descriptionId": "campaign-member##xdm:personID##description##74641"
        },
        "xdm:personKey": {
          "title": "Person Key",
          "description": "Unique composite identifier of the person.",
          "$ref": "https://ns.adobe.com/xdm/datatypes/b2b-source",
          "meta:titleId": "campaign-member##xdm:personKey##title##17441",
          "meta:descriptionId": "campaign-member##xdm:personKey##description##78901"
        }
      }
    }
  },
  "allOf": [
    {
      "$ref": "https://ns.adobe.com/xdm/data/record"
    },
    {
      "$ref": "https://ns.adobe.com/xdm/common/external-source-system-audit-details"
    },
    {
      "$ref": "#/definitions/campaign-member"
    }
  ],
  "meta:status": "stable",
  "meta:createdDate": "2020-08-18",
  "meta:titleId": "campaign-member##title##30961",
  "meta:descriptionId": "campaign-member##description##56301"
}
