{
  "meta:license": [
    "Copyright 2020 Adobe Systems Incorporated. All rights reserved.",
    "This work is licensed under a Creative Commons Attribution 4.0 International (CC BY 4.0) license",
    "you may not use this file except in compliance with the License. You may obtain a copy",
    "of the License at https://creativecommons.org/licenses/by/4.0/"
  ],
  "$id": "https://ns.adobe.com/xdm/classes/campaign",
  "$schema": "http://json-schema.org/draft-06/schema#",
  "title": "XDM Business Campaign",
  "type": "object",
  "auditable": true,
  "meta:extensible": true,
  "meta:abstract": true,
  "meta:extends": ["https://ns.adobe.com/xdm/data/record"],
  "description": "XDM Business Campaign is a standard Experience Data Model (XDM) class that captures the minimum required properties of a business campaign. This XDM class can only be included in the profile for customers with the B2B or B2P Edition.",
  "definitions": {
    "campaign": {
      "properties": {
        "xdm:campaignID": {
          "title": "Campaign ID",
          "description": "Unique identifer for campaign.",
          "type": "string",
          "meta:titleId": "campaign##xdm:campaignID##title##56561",
          "meta:descriptionId": "campaign##xdm:campaignID##description##21251"
        },
        "xdm:campaignKey": {
          "title": "Campaign Key",
          "description": "Unique composite identifier of the Campaign.",
          "$ref": "https://ns.adobe.com/xdm/datatypes/b2b-source",
          "meta:titleId": "campaign##xdm:campaignKey##title##84181",
          "meta:descriptionId": "campaign##xdm:campaignKey##description##71261"
        },
        "xdm:campaignName": {
          "title": "Campaign Name",
          "description": "Friendly name for campaign.",
          "type": "string",
          "meta:titleId": "campaign##xdm:campaignName##title##3811",
          "meta:descriptionId": "campaign##xdm:campaignName##description##97951"
        },
        "xdm:campaignType": {
          "title": "Campaign Type",
          "description": "The type of campaign for which audience gets selected.",
          "type": "string",
          "meta:titleId": "campaign##xdm:campaignType##title##56661",
          "meta:descriptionId": "campaign##xdm:campaignType##description##33431"
        },
        "xdm:campaignDescription": {
          "title": "Campaign Description",
          "description": "Campaign description.",
          "type": "string",
          "meta:titleId": "campaign##xdm:campaignDescription##title##65491",
          "meta:descriptionId": "campaign##xdm:campaignDescription##description##77071"
        }
      }
    }
  },
  "allOf": [
    {
      "$ref": "https://ns.adobe.com/xdm/common/extensible#/definitions/@context"
    },
    {
      "$ref": "https://ns.adobe.com/xdm/common/external-source-system-audit-details"
    },
    {
      "$ref": "https://ns.adobe.com/xdm/data/record"
    },
    {
      "$ref": "#/definitions/campaign"
    }
  ],
  "meta:status": "stable",
  "meta:createdDate": "2020-09-29",
  "meta:titleId": "campaign##title##40111",
  "meta:descriptionId": "campaign##description##58771"
}
