{
  "meta:license": [
    "Copyright 2025 Adobe Systems Incorporated. All rights reserved.",
    "This work is licensed under a Creative Commons Attribution 4.0 International (CC BY 4.0) license",
    "you may not use this file except in compliance with the License. You may obtain a copy",
    "of the License at https://creativecommons.org/licenses/by/4.0/"
  ],
  "$id": "https://ns.adobe.com/xdm/classes/digital-asset",
  "$schema": "http://json-schema.org/draft-06/schema#",
  "title": "Digital Asset",
  "type": "object",
  "meta:extensible": true,
  "meta:abstract": true,
  "meta:extends": ["https://ns.adobe.com/xdm/data/record"],
  "description": "Digital asset such as an image or video.",
  "definitions": {
    "digital-asset": {
      "properties": {
        "xdm:digitalAsset": {
          "title": "Digital Asset",
          "description": "Digital asset such as an image or video.",
          "type": "object",
          "properties": {
            "xdm:version": {
              "title": "Version",
              "type": "string",
              "description": "Asset version."
            },
            "xdm:perceptionID": {
              "title": "Perception Id",
              "type": "string",
              "description": "Unique identifier of the asset perception."
            },
            "xdm:idSource": {
              "title": "idSource",
              "type": "string",
              "description": "The source that created the id for this asset."
            },
            "xdm:assetSource": {
              "title": "assetSource",
              "type": "object",
              "description": "The source that created this asset.",
              "properties": {
                "xdm:platform": {
                  "title": "Source Platform",
                  "type": "string",
                  "description": "The source that created this asset such as ACA or AGS."
                },
                "xdm:sourceID": {
                  "title": "Source ID",
                  "type": "string",
                  "description": "The id of the asset from the given source."
                }
              }
            },
            "xdm:name": {
              "title": "Name",
              "type": "string",
              "description": "Asset name."
            },
            "xdm:description": {
              "title": "Description",
              "type": "string",
              "description": "Asset description."
            },
            "xdm:assetType": {
              "title": "Asset Type",
              "type": "string",
              "description": "Asset type such as image or video."
            },
            "xdm:thumbnailURL": {
              "title": "Thumbnail URL",
              "format": "uri",
              "type": "string",
              "description": "Asset thumbnail url."
            },
            "xdm:additionalIDs": {
              "title": "Additional IDs",
              "description": "Additional asset IDs.",
              "type": "array",
              "items": {
                "type": "object",
                "properties": {
                  "xdm:platform": {
                    "title": "Platform",
                    "type": "string",
                    "description": "Platform such as Meta, DV360, or ACA."
                  },
                  "xdm:platformID": {
                    "title": "Platform ID",
                    "type": "string",
                    "description": "The asset identifier for the given platform."
                  }
                }
              }
            }
          }
        }
      }
    }
  },
  "allOf": [
    {
      "$ref": "https://ns.adobe.com/xdm/data/record"
    },
    {
      "$ref": "#/definitions/digital-asset"
    },
    {
      "$ref": "https://ns.adobe.com/xdm/common/contentaudit"
    },
    {
      "$ref": "https://ns.adobe.com/xdm/common/featurizationattributes"
    }
  ],
  "meta:status": "stable"
}
