{
  "meta:license": [
    "Copyright 2025 Adobe Systems Incorporated. All rights reserved.",
    "This work is licensed under a Creative Commons Attribution 4.0 International (CC BY 4.0) license",
    "you may not use this file except in compliance with the License. You may obtain a copy",
    "of the License at https://creativecommons.org/licenses/by/4.0/"
  ],
  "$id": "https://ns.adobe.com/xdm/classes/digital-experience",
  "$schema": "http://json-schema.org/draft-06/schema#",
  "title": "Digital Experience",
  "type": "object",
  "meta:extensible": true,
  "meta:abstract": true,
  "meta:extends": ["https://ns.adobe.com/xdm/data/record"],
  "description": "Digital experience such as a website or social media post.",
  "definitions": {
    "digital-experience": {
      "properties": {
        "xdm:digitalExperience": {
          "title": "Digital Experience",
          "description": "Digital experience such as a website or social media post.",
          "type": "object",
          "properties": {
            "xdm:version": {
              "title": "Version",
              "type": "string",
              "description": "Experience version."
            },
            "xdm:idSource": {
              "title": "idSource",
              "type": "string",
              "description": "The source that created the id for this experience."
            },
            "xdm:name": {
              "title": "Name",
              "type": "string",
              "description": "Experience name."
            },
            "xdm:description": {
              "title": "Description",
              "type": "string",
              "description": "Experience description."
            },
            "xdm:channel": {
              "title": "Channel",
              "type": "string",
              "description": "Channel such as web or mobile."
            },
            "xdm:thumbnailURL": {
              "title": "Thumbnail URL",
              "format": "uri",
              "type": "string",
              "description": "Experience thumbnail url."
            }
          }
        }
      }
    }
  },
  "allOf": [
    {
      "$ref": "https://ns.adobe.com/xdm/data/record"
    },
    {
      "$ref": "#/definitions/digital-experience"
    },
    {
      "$ref": "https://ns.adobe.com/xdm/common/contentaudit"
    },
    {
      "$ref": "https://ns.adobe.com/xdm/common/featurizationattributes"
    }
  ],
  "meta:status": "stable"
}
