{
  "@id": "https://data.adobe.io/experienceid-123459",
  "xdm:timestamp": "2017-09-26T15:52:25+00:00",
  "xdm:identityMap": {
    "https://data.adobe.io/entities/namespace/4": [
      {
        "xdm:id": "92312743856228"
      }
    ],
    "https://data.adobe.io/entities/namespace/10": [
      {
        "xdm:id": "2392846240-30285628347"
      }
    ]
  },
  "xdm:environment": {
    "xdm:browserDetails": {
      "xdm:userAgent": "AppleWebkit/534.30 (KHTML, like Gecko) Version/4.0 Mobile Safari/534.30"
    },
    "xdm:ipV4": "97.27.143.5"
  },
  "xdm:media": {
    "xdm:mediaTimed": {
      "xdm:primaryAssetReference": {
        "@id": "https://data.adobe.io/entities/media-timed-asset-reference/15234430",
        "dc:title": "Floki Begs Helga for Freedom",
        "dc:creator": "Video Author",
        "dc:publisher": "tvonline",
        "xmpDM:duration": 87,
        "iptc4xmpExt:Series": {
          "iptc4xmpExt:Name": "tv_highlights",
          "iptc4xmpExt:Identifier": "http://mychannel.com/series-identifiers/2613953"
        },
        "xdm:showType": "episode",
        "xdm:streamFormat": "long",
        "xdm:streamType": "video",
        "iptc4xmpExt:Season": {
          "iptc4xmpExt:Number": 1.0
        },
        "iptc4xmpExt:Episode": {
          "iptc4xmpExt:Number": 1.0
        },
        "iptc4xmpExt:Genre": ["sports"],
        "iptc4xmpExt:Rating": [
          {
            "iptc4xmpExt:RatingValue": "TV100",
            "iptc4xmpExt:RatingSourceLink": "http://www.tvguide.org/ratings.htm"
          }
        ],
        "iptc4xmpExt:Creator": [
          {
            "iptc4xmpExt:Name": "MyChannel"
          }
        ],
        "xdm:firstAirDate": "2016-01-05",
        "xmpDM:releaseDate": "2016-01-25"
      },
      "xdm:primaryAssetViewDetails": {
        "@id": "https://data.adobe.io/entities/media-sessionid/1427461282884250114230",
        "xdm:playerName": "watchmytv",
        "xdm:videoSegment": "3-10",
        "xdm:path": "mid:show:episode:cnl.com:12345-4ce7",
        "xdm:broadcastChannel": "WatchMyTV",
        "xdm:broadcastContentType": "VOD",
        "xdm:streamFormat": "short",
        "xdm:playerSDKVersion": {
          "xdm:version": "1.0.8"
        },
        "xdm:broadcastNetwork": "ntwu",
        "xdm:adLoadType": "2",
        "xdm:sourceFeed": "http%3A%2F%2Fvod01.comFhls%2Fvu%2F9083406%2FVUBX0280890106690980_38_3_M_HD.m3u8",
        "xdm:sessionTimeout": 1800,
        "xdm:downloadedPlayback": false
      },
      "xdm:mediaChapter": {
        "xdm:chapterAssetReference": {
          "@id": "https://data.adobe.io/entities/media-chapter-asset-reference/2144511",
          "dc:title": "Chapter1",
          "xmpDM:duration": 44
        },
        "xdm:chapterAssetViewDetails": {
          "xdm:index": 0,
          "xdm:offset": 0
        },
        "xdm:impressions": {
          "xdm:value": 1
        },
        "xdm:completes": {
          "xdm:value": 1
        },
        "xdm:timePlayed": {
          "xdm:value": 44
        },
        "xdm:federated": {
          "xdm:value": 0
        }
      }
    }
  }
}
