{
  "@id": "https://data.adobe.io/experienceid-2345678",
  "xdm:dataSource": {
    "@id": "https://data.adobe.io/datasources/datasource-123",
    "xdm:code": "DataSourceIntegrationCode-123"
  },
  "xdm:timestamp": "2017-09-26T15:52:25+00:00",
  "xdm:eventMergeId": "9fb4e78d-b0bf-4d99-b987-cb37abdbcd15",
  "xdm:identityMap": {
    "ECID": [
      {
        "xdm:id": "92312748749128"
      }
    ],
    "AVID": [
      {
        "xdm:id": "2394509340-30453470347"
      }
    ]
  },
  "xdm:environment": {
    "xdm:type": "browser",
    "xdm:browserDetails": {
      "xdm:name": "Chrome",
      "xdm:version": "63.0.3239",
      "xdm:acceptLanguage": "en",
      "xdm:cookiesEnabled": true,
      "xdm:viewportHeight": 900,
      "xdm:viewportWidth": 1680
    },
    "xdm:operatingSystem": "MAC OS",
    "xdm:operatingSystemVersion": "10.13",
    "xdm:connectionType": "cable"
  },
  "xdm:locationContext": {
    "xdm:geo": {
      "xdm:countryCode": "US",
      "xdm:stateProvince": "CA",
      "xdm:city": "Emeryville",
      "xdm:dmaid": "99"
    }
  },
  "xdm:web": {
    "xdm:webPageView": {
      "xdm:URL": "https://www.example.com"
    },
    "xdm:webReferrer": {
      "xdm:URL": "https://www.examplereferrer.com/",
      "xdm:domain": "examplereferrer.com"
    }
  },
  "xdm:device": {
    "xdm:type": "mobile",
    "xdm:manufacturer": "Apple",
    "xdm:model": "iPhone 6"
  },
  "xdm:advertising": {
    "xdm:adViewability": {
      "xdm:adUnitDepth": 0,
      "xdm:viewportHeight": 1250,
      "xdm:viewportWidth": 1600,
      "xdm:adHeight": 250,
      "xdm:adWidth": 300,
      "xdm:playerVolume": 85,
      "xdm:measurementEligible": true,
      "xdm:implementationDetails": {
        "xdm:name": "https://ns.adobe.com/experience/adcloud/viewability",
        "xdm:version": "1"
      },
      "xdm:viewable": true,
      "xdm:activeWindow": true,
      "xdm:percentViewable": 89,
      "xdm:viewableFirstQuartile": {
        "xdm:value": 1.0
      }
    },
    "xdm:firstQuartiles": {
      "xdm:value": 1.0
    }
  }
}
