{
  "@id": "https://data.adobe.io/experienceid-123457",
  "xdm:timestamp": "2017-09-26T15:52:25+00:00",
  "xdm:identityMap": {
    "https://data.adobe.io/entities/namespace/4": [
      {
        "xdm:id": "92312748749128"
      }
    ],
    "https://data.adobe.io/entities/namespace/10": [
      {
        "xdm:id": "2394509340-30453470347"
      }
    ]
  },
  "xdm:environment": {
    "xdm:browserDetails": {
      "xdm:userAgent": "AppleWebkit/534.30 (KHTML, like Gecko) Version/4.0 Mobile Safari/534.30"
    },
    "xdm:ipV4": "97.73.140.5"
  },
  "xdm:media": {
    "xdm:mediaTimed": {
      "xdm:primaryAssetReference": {
        "@id": "https://data.adobe.io/entities/media-timed-asset-reference/15234430",
        "dc:title": "Floki Begs Helga for Freedom",
        "dc:creator": "Video Author",
        "dc:publisher": "tvonline",
        "xmpDM:duration": 87,
        "iptc4xmpExt:Series": {
          "iptc4xmpExt:Name": "show_highlights",
          "iptc4xmpExt:Identifier": "http://myChannel.com/series-identifiers/2692753"
        },
        "xdm:showType": "episode",
        "xdm:streamFormat": "long",
        "xdm:streamType": "video",
        "iptc4xmpExt:Season": {
          "iptc4xmpExt:Number": 1.0
        },
        "iptc4xmpExt:Episode": {
          "iptc4xmpExt:Number": 1.0
        },
        "iptc4xmpExt:Genre": ["sports"],
        "iptc4xmpExt:Rating": [
          {
            "iptc4xmpExt:RatingValue": "TVGuru",
            "iptc4xmpExt:RatingSourceLink": "http://www.mytvexample.org/ratings.htm"
          }
        ],
        "iptc4xmpExt:Creator": [
          {
            "iptc4xmpExt:Name": "SportTV"
          }
        ]
      },
      "xdm:primaryAssetViewDetails": {
        "@id": "https://data.adobe.io/entities/media-sessionid/1427461282884250114230",
        "xdm:playerName": "watchsport",
        "xdm:broadcastChannel": "WatchSportTV",
        "xdm:broadcastContentType": "VCT",
        "xdm:videoSegment": "3-10",
        "xdm:path": "id:show:episode:abcd.com:d9263ej-4ce7",
        "xdm:streamFormat": "short",
        "xdm:vhlVersion": "js-2.0.1.88-c8c0b1",
        "xdm:playerSDKVersion": {
          "xdm:version": "1.0.8"
        },
        "xdm:broadcastNetwork": "ntwu",
        "xdm:adLoadType": "2",
        "xdm:sourceFeed": "http%3A%2F%2Fvod01.link.org%2Fhls%2Fvu%2F9083406%2FVUBX0288374528402980_38_3_M_HD.m3u8",
        "xdm:sessionTimeout": 1800,
        "xdm:QOE": {
          "xdm:errors": {
            "xdm:value": 0
          },
          "xdm:errorImpactedStreams": {
            "xdm:value": 0
          },
          "xdm:buffers": {
            "xdm:value": 4
          },
          "xdm:bufferTime": {
            "xdm:value": 5
          },
          "xdm:bufferImpactedStreams": {
            "xdm:value": 2
          },
          "xdm:stalls": {
            "xdm:value": 0
          },
          "xdm:stallTime": {
            "xdm:value": 0
          },
          "xdm:stallingImpactedStreams": {
            "xdm:value": 0
          },
          "xdm:bitrateChanges": {
            "xdm:value": 0
          },
          "xdm:bitrateAverage": {
            "xdm:value": 320
          },
          "xdm:bitrateAverageBucket": "800-899",
          "xdm:bitrateChangeImpactedStreams": {
            "xdm:value": 0
          },
          "xdm:dropBeforeStart": {
            "xdm:value": 0
          },
          "xdm:droppedFrames": {
            "xdm:value": 2
          },
          "xdm:droppedFrameImpactedStreams": {
            "xdm:value": 2
          },
          "xdm:timeToStart": {
            "xdm:value": 3
          },
          "xdm:mediaSdkErrors": ["300", "500.300.200"],
          "xdm:playerSdkErrors": ["custom.error.code"],
          "xdm:externalSdkErrors": ["100-5", "11.12"]
        },
        "xdm:downloadedPlayback": false
      },
      "xdm:impressions": {
        "xdm:value": 1
      },
      "xdm:completes": {
        "xdm:value": 0
      },
      "xdm:timePlayed": {
        "xdm:value": 80
      },
      "xdm:federated": {
        "xdm:value": 0
      },
      "xdm:starts": {
        "xdm:value": 1
      },
      "xdm:mediaSegmentView": {
        "xdm:value": 1
      },
      "xdm:totalTimePlayed": {
        "xdm:value": 190
      },
      "xdm:uniqueTimePlayed": {
        "xdm:value": 80
      },
      "xdm:averageMinuteAudience": {
        "xdm:value": 0.89
      },
      "xdm:adCount": {
        "xdm:value": 3
      },
      "xdm:chapterCount": {
        "xdm:value": 1
      },
      "xdm:progress10": {
        "xdm:value": 1
      },
      "xdm:firstQuartiles": {
        "xdm:value": 1
      },
      "xdm:midpoints": {
        "xdm:value": 1
      },
      "xdm:thirdQuartiles": {
        "xdm:value": 1
      },
      "xdm:progress95": {
        "xdm:value": 0
      },
      "xdm:resumes": {
        "xdm:value": 0
      },
      "xdm:estimatedStreams": {
        "xdm:value": 2
      },
      "xdm:pauseImpactedStreams": {
        "xdm:value": 3
      },
      "xdm:pauses": {
        "xdm:value": 0
      },
      "xdm:pauseTime": {
        "xdm:value": 0
      },
      "xdm:idp": "TVChannel",
      "xdm:mediaAuth": "true",
      "xdm:dayPart": "daytime"
    }
  }
}
