{
  "xdm:graphId": "96698daa-d44a-4960-bb7e-588bfc928ea3",
  "xdm:directed": false,
  "xdm:graphType": "Person Graph",
  "xdm:graphCreateTimestamp": "2019-01-01T15:52:25+00:00",
  "xdm:firstCreatedTimestamp": "2019-01-01T15:52:25+00:00",
  "xdm:lastModifiedTimestamp": "2019-03-10T15:52:25+00:00",
  "xdm:nodes": [
    {
      "xdm:nodeId": "aam_1|0",
      "xdm:nodeType": "Identity",
      "xdm:firstSeenTimestamp": "2019-01-01T15:52:25+00:00",
      "xdm:lastSeenTimestamp": "2019-01-01T15:52:25+00:00",
      "xdm:firstCreateTimestamp": "2019-01-01T15:52:25+00:00",
      "xdm:lastModifiedTimestamp": "2019-01-01T15:52:25+00:00"
    },
    {
      "xdm:nodeId": "dpuuid_1|10",
      "xdm:nodeType": "Identity",
      "xdm:firstSeenTimestamp": "2019-03-01T15:52:25+00:00",
      "xdm:lastSeenTimestamp": "2019-03-01T15:52:25+00:00",
      "xdm:firstCreateTimestamp": "2019-03-01T15:52:25+00:00",
      "xdm:lastModifiedTimestamp": "2019-03-01T15:52:25+00:00"
    }
  ],
  "xdm:edges": [
    {
      "xdm:sourceNodeId": "aam_1|0",
      "xdm:targetNodeId": "dpuuid_1|10",
      "xdm:dataProvider": [
        {
          "xdm:dataProviderId": 5,
          "xdm:firstSeenTimestamp": "2019-02-01T15:52:25+00:00",
          "xdm:lastSeenTimestamp": "2019-02-01T15:52:25+00:00",
          "xdm:trusted": true,
          "xdm:directed": false,
          "xdm:relationType": "online_deterministic",
          "xdm:frequency": 1,
          "xdm:lastCalculatedTimestamp": "2019-02-01T15:52:25+00:00"
        }
      ]
    }
  ]
}
