{
  "meta:license": [
    "Copyright 2019 Adobe Systems Incorporated. All rights reserved.",
    "This work is licensed under a Creative Commons Attribution 4.0 International (CC BY 4.0) license",
    "you may not use this file except in compliance with the License. You may obtain a copy",
    "of the License at https://creativecommons.org/licenses/by/4.0/"
  ],
  "$id": "https://ns.adobe.com/xdm/context/graphs",
  "$schema": "http://json-schema.org/draft-06/schema#",
  "title": "XDM Graphs",
  "type": "object",
  "meta:extensible": true,
  "meta:abstract": true,
  "meta:extends": ["https://ns.adobe.com/xdm/data/record"],
  "description": "An XDM Graph. A Graph represents a set of related nodes and their relationships (often called as edges). These graphs could also be a set of nodes only without relationships. For example, person graph where each node is a device which the person uses.",
  "definitions": {
    "graphs": {
      "properties": {}
    }
  },
  "allOf": [
    {
      "$ref": "https://ns.adobe.com/xdm/common/extensible#/definitions/@context"
    },
    {
      "$ref": "https://ns.adobe.com/xdm/common/auditable"
    },
    {
      "$ref": "https://ns.adobe.com/xdm/data/record"
    },
    {
      "$ref": "#/definitions/graphs"
    }
  ],
  "meta:status": "stable",
  "meta:createdDate": "2020-08-10",
  "meta:titleId": "graphs##title##22131",
  "meta:descriptionId": "graphs##description##93501"
}
