{
  "meta:license": [
    "Copyright 2020 Adobe Systems Incorporated. All rights reserved.",
    "This work is licensed under a Creative Commons Attribution 4.0 International (CC BY 4.0) license",
    "you may not use this file except in compliance with the License. You may obtain a copy",
    "of the License at https://creativecommons.org/licenses/by/4.0/"
  ],
  "$id": "https://ns.adobe.com/xdm/classes/loan",
  "$schema": "http://json-schema.org/draft-06/schema#",
  "title": "Loan Details",
  "type": "object",
  "meta:extensible": true,
  "meta:abstract": true,
  "meta:tags": {
    "industry": [
      "financial_services",
      "automotive",
      "education",
      "high_tech",
      "manufacturing",
      "public_sector"
    ]
  },
  "meta:extends": ["https://ns.adobe.com/xdm/data/record"],
  "description": "Loan specifics, such as loan type, amount, rate, & term.",
  "definitions": {
    "loan": {
      "properties": {
        "xdm:loanID": {
          "title": "Loan ID",
          "type": "string",
          "description": "Identifier for the loan.",
          "meta:titleId": "loan##xdm:loanID##title##60711",
          "meta:descriptionId": "loan##xdm:loanID##description##49531"
        },
        "xdm:loanAmount": {
          "title": "Loan Amount",
          "$ref": "https://ns.adobe.com/xdm/datatypes/currency",
          "description": "Total amount of the loan.",
          "meta:titleId": "loan##xdm:loanAmount##title##36591",
          "meta:descriptionId": "loan##xdm:loanAmount##description##29431"
        },
        "xdm:totalInterestPaid": {
          "title": "Total Interest Paid",
          "$ref": "https://ns.adobe.com/xdm/datatypes/currency",
          "description": "Total amount of interest paid on the loan to date.",
          "meta:titleId": "loan##xdm:totalInterestPaid##title##34241",
          "meta:descriptionId": "loan##xdm:totalInterestPaid##description##8551"
        },
        "xdm:totalPrincipalPaid": {
          "title": "Total Principal Paid",
          "$ref": "https://ns.adobe.com/xdm/datatypes/currency",
          "description": "Total amount of principal paid on the loan to date.",
          "meta:titleId": "loan##xdm:totalPrincipalPaid##title##31181",
          "meta:descriptionId": "loan##xdm:totalPrincipalPaid##description##17101"
        },
        "xdm:loanStatus": {
          "title": "Loan Status",
          "enum": [
            "notIssued",
            "current",
            "inGracePeriod",
            "fullyPaid",
            "late",
            "default",
            "chargedOff",
            "cancelled"
          ],
          "meta:enum": {
            "notIssued": "Not Issued",
            "current": "Current",
            "inGracePeriod": "In Grace Period",
            "fullyPaid": "Fully Paid",
            "late": "Late",
            "default": "Default",
            "chargedOff": "Charged Off",
            "cancelled": "Cancelled"
          },
          "description": "Indicates the current status of the loan.",
          "meta:titleId": "loan##xdm:loanStatus##title##4831",
          "meta:descriptionId": "loan##xdm:loanStatus##description##32881"
        },
        "xdm:termInMonths": {
          "title": "Term in Months",
          "type": "integer",
          "description": "Captures the length of the loan, in months.",
          "meta:titleId": "loan##xdm:termInMonths##title##54711",
          "meta:descriptionId": "loan##xdm:termInMonths##description##19941"
        },
        "xdm:annualPercentageRate": {
          "title": "Annual Percentage Rate",
          "type": "integer",
          "description": "Records the annual percentage rate of the loan.",
          "meta:titleId": "loan##xdm:annualPercentageRate##title##22931",
          "meta:descriptionId": "loan##xdm:annualPercentageRate##description##15631"
        },
        "xdm:downpayment": {
          "title": "Downpayment",
          "$ref": "https://ns.adobe.com/xdm/datatypes/currency",
          "description": "Captures the downpayment amount of loan.",
          "meta:titleId": "loan##xdm:downpayment##title##21661",
          "meta:descriptionId": "loan##xdm:downpayment##description##46801"
        },
        "xdm:interestRate": {
          "title": "Interest Rate",
          "type": "integer",
          "description": "Captures the interest rate of the loan.",
          "meta:titleId": "loan##xdm:interestRate##title##75491",
          "meta:descriptionId": "loan##xdm:interestRate##description##52201"
        },
        "xdm:borrower": {
          "title": "Borrower",
          "$ref": "https://ns.adobe.com/xdm/context/profile-personal-details",
          "description": "Records the details for the borrower.",
          "meta:titleId": "loan##xdm:borrower##title##58851",
          "meta:descriptionId": "loan##xdm:borrower##description##46181"
        },
        "xdm:fees": {
          "title": "Fees",
          "$ref": "https://ns.adobe.com/xdm/datatypes/currency",
          "description": "Tracks any fees or commissions applied to the loan.",
          "meta:titleId": "loan##xdm:fees##title##93691",
          "meta:descriptionId": "loan##xdm:fees##description##63201"
        },
        "xdm:gracePeriod": {
          "title": "Grace Period",
          "type": "integer",
          "description": "Tracks the number of days a borrow has to issue a loan payment before the loan is considered to be in default.",
          "meta:titleId": "loan##xdm:gracePeriod##title##75241",
          "meta:descriptionId": "loan##xdm:gracePeriod##description##74671"
        },
        "xdm:loanType": {
          "title": "Loan Type",
          "enum": [
            "personal",
            "cashAdvance",
            "title",
            "homeEquity",
            "smallBusiness",
            "debtConsolidation",
            "student",
            "automobile",
            "mortgage"
          ],
          "meta:enum": {
            "personal": "Personal",
            "cashAdvance": "Cash Advance",
            "title": "Title",
            "homeEquity": "Home Equity",
            "smallBusiness": "Small Business",
            "debtConsolidation": "Debt Consolidation",
            "student": "Student",
            "automobile": "Automobile",
            "mortgage": "Mortgage"
          },
          "description": "Records the type of loan issued.",
          "meta:titleId": "loan##xdm:loanType##title##10591",
          "meta:descriptionId": "loan##xdm:loanType##description##48731"
        },
        "xdm:renegotiable": {
          "title": "Renegotiable",
          "type": "boolean",
          "description": "Identifies if the loan can be renegotiated while it is still active.",
          "meta:titleId": "loan##xdm:renegotiable##title##41661",
          "meta:descriptionId": "loan##xdm:renegotiable##description##89801"
        },
        "xdm:collateralRequired": {
          "title": "Collateral Required",
          "type": "boolean",
          "description": "Indicates if collateral has been provided to secure the loan.",
          "meta:titleId": "loan##xdm:collateralRequired##title##79131",
          "meta:descriptionId": "loan##xdm:collateralRequired##description##78751"
        }
      }
    }
  },
  "allOf": [
    {
      "$ref": "https://ns.adobe.com/xdm/data/record"
    },
    {
      "$ref": "#/definitions/loan"
    }
  ],
  "meta:status": "experimental",
  "meta:titleId": "loan##title##21871",
  "meta:descriptionId": "loan##description##56721"
}
