{
  "meta:license": [
    "Copyright 2022 Adobe Systems Incorporated. All rights reserved.",
    "This work is licensed under a Creative Commons Attribution 4.0 International (CC BY 4.0) license",
    "you may not use this file except in compliance with the License. You may obtain a copy",
    "of the License at https://creativecommons.org/licenses/by/4.0/"
  ],
  "$id": "https://ns.adobe.com/xdm/classes/location",
  "$schema": "http://json-schema.org/draft-06/schema#",
  "title": "Location",
  "type": "object",
  "meta:extensible": true,
  "meta:abstract": true,
  "meta:extends": ["https://ns.adobe.com/xdm/data/record"],
  "meta:tags": {
    "industry": ["travel_and_hospitality"]
  },
  "description": "For Live Event Location information, such as a concert hall or sports arena.",
  "definitions": {
    "location": {
      "properties": {
        "xdm:locationID": {
          "description": "Unique identifier for the Location.",
          "title": "Location Identifier",
          "type": "string"
        },
        "xdm:locationName": {
          "description": "Name of the location.",
          "title": "Location Name",
          "type": "string"
        }
      }
    }
  },
  "allOf": [
    {
      "$ref": "https://ns.adobe.com/xdm/data/record"
    },
    {
      "$ref": "#/definitions/location"
    }
  ],
  "meta:status": "experimental"
}
