{
  "meta:license": [
    "Copyright 2020 Adobe Systems Incorporated. All rights reserved.",
    "This work is licensed under a Creative Commons Attribution 4.0 International (CC BY 4.0) license",
    "you may not use this file except in compliance with the License. You may obtain a copy",
    "of the License at https://creativecommons.org/licenses/by/4.0/"
  ],
  "$id": "https://ns.adobe.com/xdm/classes/lodging-product",
  "$schema": "http://json-schema.org/draft-06/schema#",
  "title": "Lodging Product",
  "type": "object",
  "meta:extensible": true,
  "meta:abstract": true,
  "meta:extends": ["https://ns.adobe.com/xdm/data/record"],
  "meta:tags": {
    "industry": ["travel_and_hospitality"]
  },
  "description": "For hotel product information such as ID, rooms, ownership, and type.",
  "definitions": {
    "lodging-product": {
      "properties": {
        "xdm:propertyID": {
          "title": "Property ID",
          "type": "string",
          "description": "Identifier for the lodging property.",
          "meta:titleId": "lodging-product##xdm:propertyID##title##73841",
          "meta:descriptionId": "lodging-product##xdm:propertyID##description##39801"
        },
        "xdm:location": {
          "title": "Location",
          "$ref": "https://ns.adobe.com/xdm/common/address",
          "description": "Lodging property location.",
          "meta:titleId": "lodging-product##xdm:location##title##63071",
          "meta:descriptionId": "lodging-product##xdm:location##description##84121"
        },
        "xdm:ownership": {
          "title": "Ownership",
          "type": "string",
          "description": "Parent company of the lodging property.",
          "meta:titleId": "lodging-product##xdm:ownership##title##36911",
          "meta:descriptionId": "lodging-product##xdm:ownership##description##97151"
        },
        "xdm:serviceLevel": {
          "title": "Service Level",
          "type": "string",
          "description": "Service level associated with the lodging property such as luxury, budget, mid-range, etc.",
          "meta:titleId": "lodging-product##xdm:serviceLevel##title##48691",
          "meta:descriptionId": "lodging-product##xdm:serviceLevel##description##46201"
        },
        "xdm:starRating": {
          "title": "Star Rating",
          "type": "integer",
          "description": "Star rating associated with the lodging property.",
          "meta:titleId": "lodging-product##xdm:starRating##title##72011",
          "meta:descriptionId": "lodging-product##xdm:starRating##description##35851"
        },
        "xdm:totalRooms": {
          "title": "Total Rooms",
          "type": "integer",
          "description": "Total rooms in the lodging property.",
          "meta:titleId": "lodging-product##xdm:totalRooms##title##60691",
          "meta:descriptionId": "lodging-product##xdm:totalRooms##description##2291"
        },
        "xdm:type": {
          "title": "Type",
          "type": "string",
          "description": "Type of lodging property such as homestay, resort, capsule, lodge, service apartment, boathouse, etc.",
          "meta:titleId": "lodging-product##xdm:type##title##96921",
          "meta:descriptionId": "lodging-product##xdm:type##description##72111"
        }
      }
    }
  },
  "allOf": [
    {
      "$ref": "https://ns.adobe.com/xdm/data/record"
    },
    {
      "$ref": "#/definitions/lodging-product"
    }
  ],
  "meta:status": "stable",
  "meta:createdDate": "2021-04-06",
  "meta:titleId": "lodging-product##title##39391",
  "meta:descriptionId": "lodging-product##description##29761"
}
