{
  "meta:license": [
    "Copyright 2022 Adobe Systems Incorporated. All rights reserved.",
    "This work is licensed under a Creative Commons Attribution 4.0 International (CC BY 4.0) license",
    "you may not use this file except in compliance with the License. You may obtain a copy",
    "of the License at https://creativecommons.org/licenses/by/4.0/"
  ],
  "$id": "https://ns.adobe.com/xdm/classes/medication",
  "$schema": "http://json-schema.org/draft-06/schema#",
  "title": "Medication",
  "type": "object",
  "meta:extensible": true,
  "meta:abstract": true,
  "meta:tags": {
    "industry": ["healthcare_services"]
  },
  "meta:extends": ["https://ns.adobe.com/xdm/data/record"],
  "description": "A substance used for medical treatment, especially a medicine or drug.",
  "definitions": {
    "medication": {
      "properties": {
        "xdm:medicationID": {
          "title": "Medication ID",
          "type": "string",
          "description": "Unique identifier of the medication."
        },
        "xdm:medicationName": {
          "title": "Medication Name",
          "type": "string",
          "description": "Name of the medication."
        }
      }
    }
  },
  "allOf": [
    {
      "$ref": "#/definitions/medication"
    },
    {
      "$ref": "https://ns.adobe.com/xdm/data/record"
    }
  ],
  "meta:status": "stable"
}
