{
  "meta:license": [
    "Copyright 2022 Adobe Systems Incorporated. All rights reserved.",
    "This work is licensed under a Creative Commons Attribution 4.0 International (CC BY 4.0) license",
    "you may not use this file except in compliance with the License. You may obtain a copy",
    "of the License at https://creativecommons.org/licenses/by/4.0/"
  ],
  "$id": "https://ns.adobe.com/xdm/classes/plan",
  "$schema": "http://json-schema.org/draft-06/schema#",
  "title": "Plan",
  "type": "object",
  "meta:extensible": true,
  "meta:abstract": true,
  "meta:tags": {
    "industry": ["healthcare_services", "telecom"]
  },
  "meta:extends": ["https://ns.adobe.com/xdm/data/record"],
  "description": "Plan business entity to collect data pertaining to plans (e.g. health plan, insurance plan).",
  "definitions": {
    "plan": {
      "properties": {
        "xdm:planID": {
          "title": "Plan ID",
          "type": "string",
          "description": "Unique identifier of the plan."
        },
        "xdm:planName": {
          "title": "Plan Name",
          "type": "string",
          "description": "Name of the plan."
        }
      }
    }
  },
  "allOf": [
    {
      "$ref": "#/definitions/plan"
    },
    {
      "$ref": "https://ns.adobe.com/xdm/data/record"
    }
  ],
  "meta:status": "stable"
}
