{
  "meta:license": [
    "Copyright 2020 Adobe Systems Incorporated. All rights reserved.",
    "This work is licensed under a Creative Commons Attribution 4.0 International (CC BY 4.0) license",
    "you may not use this file except in compliance with the License. You may obtain a copy",
    "of the License at https://creativecommons.org/licenses/by/4.0/"
  ],
  "$id": "https://ns.adobe.com/xdm/classes/product",
  "$schema": "http://json-schema.org/draft-06/schema#",
  "title": "Product",
  "type": "object",
  "auditable": true,
  "meta:extensible": true,
  "meta:abstract": true,
  "meta:tags": {
    "industry": [
      "retail",
      "financial_services",
      "travel_and_hospitality",
      "telecom",
      "automotive",
      "education",
      "health_and_life_sciences",
      "high_tech",
      "manufacturing",
      "media_and_entertainment",
      "public_sector"
    ]
  },
  "meta:extends": ["https://ns.adobe.com/xdm/data/record"],
  "description": "This class is used to capture minimum set of properties that define a product.",
  "definitions": {
    "product": {
      "properties": {
        "xdm:productID": {
          "title": "Product ID",
          "type": "string",
          "description": "Product unique identifer.",
          "meta:titleId": "product##xdm:productID##title##56581",
          "meta:descriptionId": "product##xdm:productID##description##83581"
        },
        "xdm:productName": {
          "title": "Product Name",
          "type": "string",
          "description": "Name of the product.",
          "meta:titleId": "product##xdm:productName##title##3671",
          "meta:descriptionId": "product##xdm:productName##description##34431"
        },
        "xdm:productDescription": {
          "title": "Product Description",
          "type": "string",
          "description": "Description of the product.",
          "meta:titleId": "product##xdm:productDescription##title##99501",
          "meta:descriptionId": "product##xdm:productDescription##description##51331"
        },
        "xdm:productRating": {
          "title": "Product Rating",
          "type": "number",
          "description": "Customer review rating of the product.",
          "meta:titleId": "product##xdm:productRating##title##91711",
          "meta:descriptionId": "product##xdm:productRating##description##16431"
        },
        "xdm:productListPrice": {
          "title": "Product List price",
          "$ref": "https://ns.adobe.com/xdm/datatypes/currency",
          "description": "Default price of the product before sales and discounting.",
          "meta:titleId": "product##xdm:productListPrice##title##58801",
          "meta:descriptionId": "product##xdm:productListPrice##description##77211"
        },
        "xdm:productManufacturedDate": {
          "title": "Product Manufactured date",
          "type": "string",
          "format": "date-time",
          "description": "The date when this product was created. The time using RFC3339 with a stated time zone offset such as \"2001-07-04T12:08:56-07:00\". An example formatting pattern is \"yyyy-MM-dd'T'HH:mm:ssXXX\".",
          "meta:titleId": "product##xdm:productManufacturedDate##title##98011",
          "meta:descriptionId": "product##xdm:productManufacturedDate##description##30251"
        },
        "xdm:productLastModifiedDate": {
          "title": "Product last modified Date",
          "type": "string",
          "format": "date-time",
          "description": "The date when this product was last modified for any updates. The time using RFC3339 with a stated time zone offset such as \"2001-07-04T12:08:56-07:00\". An example formatting pattern is \"yyyy-MM-dd'T'HH:mm:ssXXX\".",
          "meta:titleId": "product##xdm:productLastModifiedDate##title##90801",
          "meta:descriptionId": "product##xdm:productLastModifiedDate##description##1611"
        }
      }
    }
  },
  "allOf": [
    {
      "$ref": "https://ns.adobe.com/xdm/data/record"
    },
    {
      "$ref": "#/definitions/product"
    }
  ],
  "meta:status": "stable",
  "meta:createdDate": "2020-10-16",
  "meta:titleId": "product##title##63541",
  "meta:descriptionId": "product##description##79091"
}
