{
  "xdm:identityMap": {
    "ECID": [
      {
        "xdm:id": "92312748749128"
      }
    ],
    "EMAIL": [
      {
        "xdm:id": "jane@doe.com"
      }
    ]
  },
  "xdm:person": {
    "xdm:name": {
      "xdm:firstName": "Jane",
      "xdm:middleName": "F",
      "xdm:lastName": "Doe",
      "xdm:fullName": "Jane F. Doe"
    },
    "xdm:birthDayAndMonth": "01-03",
    "xdm:gender": "female"
  },
  "xdm:workAddress": {
    "@id": "https://data.adobe.io/entities/address/123",
    "xdm:primary": false,
    "xdm:street1": "345 Park Ave",
    "xdm:city": "San Jose",
    "xdm:stateProvince": "US-CA",
    "xdm:postalCode": "95110",
    "xdm:country": "United States",
    "xdm:countryCode": "US",
    "schema:latitude": 37.3382,
    "schema:longitude": 121.8863,
    "xdm:status": "active",
    "xdm:lastVerifiedDate": "2018-01-02"
  },
  "xdm:workEmail": {
    "xdm:primary": false,
    "xdm:address": "jsmith@xyzinc.com",
    "xdm:label": "John Smith",
    "xdm:type": "work",
    "xdm:status": "active"
  },
  "xdm:mobilePhone": {
    "xdm:primary": true,
    "xdm:number": "1-408-888-8888",
    "xdm:status": "active"
  },
  "xdm:optInOut": {
    "https://ns.adobe.com/xdm/channels/email": "pending",
    "https://ns.adobe.com/xdm/channels/phone": "out",
    "https://ns.adobe.com/xdm/channels/sms": "in",
    "https://ns.adobe.com/xdm/channels/fax": "not_provided",
    "https://ns.adobe.com/xdm/channels/direct-mail": "not_provided",
    "https://ns.adobe.com/xdm/channels/apns": "not_provided",
    "xdm:globalOptout": false
  },
  "xdm:orgUnit": {
    "@id": "https://data.adobe.io/org-apparals-men"
  },
  "xdm:geoUnit": {
    "@id": "https://data.adobe.io/geo-france"
  },
  "xdm:segments": [
    {
      "xdm:segmentID": {
        "@id": "https://data.adobe.io/entities/segmentidentity/04a81716-43d6-4e7a-a49c-f1d8b3129ba9",
        "xdm:namespace": {
          "xdm:code": "AAM"
        }
      },
      "xdm:version": "15",
      "xdm:timestamp": "2018-04-26T15:52:25+00:00",
      "xdm:validUntil": "2019-04-26T15:52:25+00:00",
      "xdm:status": "existing"
    },
    {
      "xdm:segmentID": {
        "@id": "https://data.adobe.io/entities/identity/53cba6b2-a23b-454a-8069-fc41308f1c0f",
        "xdm:namespace": {
          "xdm:code": "AAM"
        }
      },
      "xdm:version": "3",
      "xdm:lastQualificationTime": "2018-04-26T15:52:25+00:00",
      "xdm:validUntil": "2018-04-27T15:52:25+00:00",
      "xdm:status": "realized"
    }
  ]
}
