{
  "meta:license": [
    "Copyright 2020 Adobe Systems Incorporated. All rights reserved.",
    "This work is licensed under a Creative Commons Attribution 4.0 International (CC BY 4.0) license",
    "you may not use this file except in compliance with the License. You may obtain a copy",
    "of the License at https://creativecommons.org/licenses/by/4.0/"
  ],
  "$id": "https://ns.adobe.com/xdm/classes/promotion",
  "$schema": "http://json-schema.org/draft-06/schema#",
  "title": "Promotion",
  "type": "object",
  "meta:extensible": true,
  "meta:abstract": true,
  "meta:extends": ["https://ns.adobe.com/xdm/data/record"],
  "meta:tags": {
    "industry": [
      "retail",
      "financial_services",
      "travel_and_hospitality",
      "telecom",
      "automotive",
      "education",
      "health_and_life_sciences",
      "high_tech",
      "manufacturing",
      "media_and_entertainment",
      "public_sector"
    ]
  },
  "description": "For promition information such as details, and start and end date.",
  "definitions": {
    "promotion": {
      "properties": {
        "xdm:endDate": {
          "title": "End Date",
          "type": "string",
          "format": "date-time",
          "description": "Date on which the promotion ceases to be valid.",
          "meta:titleId": "promotion##xdm:endDate##title##94911",
          "meta:descriptionId": "promotion##xdm:endDate##description##62961"
        },
        "xdm:promoCreative": {
          "title": "Promotion Creative",
          "type": "string",
          "description": "The text or creative variation associated with the promotion.",
          "meta:titleId": "promotion##xdm:promoCreative##title##5541",
          "meta:descriptionId": "promotion##xdm:promoCreative##description##71091"
        },
        "xdm:promotionDetails": {
          "title": "Promotion Details",
          "type": "string",
          "description": "Details of the promotion such as percentage off, or other restrictions.",
          "meta:titleId": "promotion##xdm:promotionDetails##title##93381",
          "meta:descriptionId": "promotion##xdm:promotionDetails##description##20201"
        },
        "xdm:ID": {
          "title": "Promotion ID",
          "type": "string",
          "description": "The ID associated with the promotion.",
          "meta:titleId": "promotion##xdm:ID##title##53941",
          "meta:descriptionId": "promotion##xdm:ID##description##31301"
        },
        "xdm:promoName": {
          "title": "Promotion Name",
          "type": "string",
          "description": "Promotion name",
          "meta:titleId": "promotion##xdm:promoName##title##67091",
          "meta:descriptionId": "promotion##xdm:promoName##description##77381"
        },
        "xdm:promoPosition": {
          "title": "Promotion Position",
          "type": "string",
          "description": "Promotion position on site.",
          "meta:titleId": "promotion##xdm:promoPosition##title##84961",
          "meta:descriptionId": "promotion##xdm:promoPosition##description##95911"
        },
        "xdm:startDate": {
          "title": "Start Date",
          "type": "string",
          "format": "date-time",
          "description": "Date on which the promotion is valid.",
          "meta:titleId": "promotion##xdm:startDate##title##89761",
          "meta:descriptionId": "promotion##xdm:startDate##description##24731"
        }
      }
    }
  },
  "allOf": [
    {
      "$ref": "https://ns.adobe.com/xdm/data/record"
    },
    {
      "$ref": "#/definitions/promotion"
    }
  ],
  "meta:status": "stable",
  "meta:createdDate": "2021-02-24",
  "meta:titleId": "promotion##title##83301",
  "meta:descriptionId": "promotion##description##51391"
}
