{
  "meta:license": [
    "Copyright 2023 Adobe Systems Incorporated. All rights reserved.",
    "This work is licensed under a Creative Commons Attribution 4.0 International (CC BY 4.0) license",
    "you may not use this file except in compliance with the License. You may obtain a copy",
    "of the License at https://creativecommons.org/licenses/by/4.0/"
  ],
  "$id": "https://ns.adobe.com/xdm/context/prospect-profile",
  "$schema": "http://json-schema.org/draft-06/schema#",
  "title": "XDM Individual Prospect Profile",
  "type": "object",
  "auditable": true,
  "meta:extensible": true,
  "meta:abstract": true,
  "meta:tags": {
    "industry": ["all"]
  },
  "meta:tags": {
    "partnerProspect": true
  },
  "meta:extends": ["https://ns.adobe.com/xdm/data/record"],
  "description": "Use this class to bring in prospect profiles sourced from data vendors top of the funnel customer acquisition use-cases.",
  "definitions": {
    "prospect": {
      "properties": {
        "xdm:partnerID": {
          "title": "Partner ID",
          "description": "Typically a unique pseudonymous identifier which identifies an individual prospect.",
          "type": "string"
        }
      }
    }
  },
  "allOf": [
    {
      "$ref": "https://ns.adobe.com/xdm/common/auditable"
    },
    {
      "$ref": "https://ns.adobe.com/xdm/data/record"
    },
    {
      "$ref": "#/definitions/prospect"
    }
  ],
  "meta:status": "stable"
}
