{
  "meta:license": [
    "Copyright 2022 Adobe Systems Incorporated. All rights reserved.",
    "This work is licensed under a Creative Commons Attribution 4.0 International (CC BY 4.0) license",
    "you may not use this file except in compliance with the License. You may obtain a copy",
    "of the License at https://creativecommons.org/licenses/by/4.0/"
  ],
  "$id": "https://ns.adobe.com/xdm/classes/provider",
  "$schema": "http://json-schema.org/draft-06/schema#",
  "title": "Provider",
  "type": "object",
  "meta:extensible": true,
  "meta:abstract": true,
  "meta:tags": {
    "industry": ["healthcare_services"]
  },
  "meta:extends": ["https://ns.adobe.com/xdm/data/record"],
  "description": "Provider business entity to collect data pertaining to providers (e.g. health provider, insurance provider).",
  "definitions": {
    "provider": {
      "properties": {
        "xdm:providerID": {
          "title": "Provider ID",
          "type": "string",
          "description": "Unique identifier of the provider."
        },
        "xdm:providerName": {
          "title": "Provider Name",
          "description": "Name of the provider.",
          "$ref": "https://ns.adobe.com/xdm/context/person-name"
        }
      }
    }
  },
  "allOf": [
    {
      "$ref": "#/definitions/provider"
    },
    {
      "$ref": "https://ns.adobe.com/xdm/data/record"
    }
  ],
  "meta:status": "stable"
}
