{
  "meta:license": [
    "Copyright 2020 Adobe Systems Incorporated. All rights reserved.",
    "This work is licensed under a Creative Commons Attribution 4.0 International (CC BY 4.0) license",
    "you may not use this file except in compliance with the License. You may obtain a copy",
    "of the License at https://creativecommons.org/licenses/by/4.0/"
  ],
  "$id": "https://ns.adobe.com/xdm/classes/restaurant",
  "$schema": "http://json-schema.org/draft-06/schema#",
  "title": "Restaurant",
  "type": "object",
  "meta:extensible": true,
  "meta:abstract": true,
  "meta:tags": {
    "industry": ["travel_and_hospitality"]
  },
  "meta:extends": ["https://ns.adobe.com/xdm/data/record"],
  "description": "For restaurant information such as address, cuisine, ID and name.",
  "definitions": {
    "restaurant": {
      "properties": {
        "xdm:address": {
          "title": "Address",
          "$ref": "https://ns.adobe.com/xdm/common/address",
          "description": "Physicial address where the restaurant is located.",
          "meta:titleId": "restaurant##xdm:address##title##60071",
          "meta:descriptionId": "restaurant##xdm:address##description##48091"
        },
        "xdm:restaurantID": {
          "title": "Restaurant ID",
          "type": "string",
          "description": "ID associated with the restaurant.",
          "meta:titleId": "restaurant##xdm:restaurantID##title##42871",
          "meta:descriptionId": "restaurant##xdm:restaurantID##description##72561"
        },
        "xdm:restaurantName": {
          "title": "Restaurant Name",
          "type": "string",
          "description": "Name associated with the restaurant.",
          "meta:titleId": "restaurant##xdm:restaurantName##title##67131",
          "meta:descriptionId": "restaurant##xdm:restaurantName##description##16681"
        },
        "xdm:acceptsReservations": {
          "title": "Accepts Reservations",
          "type": "boolean",
          "description": "Flags if the restaurant accepts reservations.",
          "meta:titleId": "restaurant##xdm:acceptsReservations##title##84371",
          "meta:descriptionId": "restaurant##xdm:acceptsReservations##description##54311"
        },
        "xdm:cuisine": {
          "title": "Cuisine",
          "type": "array",
          "description": "Type of restaurant cuisine(s).",
          "items": {
            "type": "string",
            "enum": [
              "chinese",
              "steak",
              "sushi",
              "asian",
              "vietnamese",
              "european",
              "french",
              "italian",
              "burgers",
              "japanese",
              "barbecue",
              "mediterranean",
              "indian",
              "grill",
              "seafood",
              "steakhouse",
              "mexican",
              "greek",
              "american",
              "thai"
            ],
            "meta:enum": {
              "chinese": "Chinese",
              "steak": "Steak",
              "sushi": "Sushi",
              "asian": "Asian",
              "vietnamese": "Vietnamese",
              "european": "European",
              "french": "French",
              "italian": "Italian",
              "burgers": "Burgers",
              "japanese": "Japanese",
              "barbecue": "Barbecue",
              "mediterranean": "Mediterranean",
              "indian": "Indian",
              "grill": "Grill",
              "seafood": "Seafood",
              "steakhouse": "Steakhouse",
              "mexican": "Mexican",
              "greek": "Greek",
              "american": "American",
              "thai": "Thai"
            }
          },
          "meta:titleId": "restaurant##xdm:cuisine##title##50811",
          "meta:descriptionId": "restaurant##xdm:cuisine##description##58141"
        },
        "xdm:deliveryPartners": {
          "title": "Delivery Partners",
          "type": "array",
          "description": "Delivery partners available from the restaurant.",
          "items": {
            "type": "string",
            "enum": ["grubhub", "ubereats", "doordash", "other"],
            "meta:enum": {
              "grubhub": "GrubHub",
              "ubereats": "UberEats",
              "doordash": "DoorDash",
              "other": "Other"
            }
          },
          "meta:titleId": "restaurant##xdm:deliveryPartners##title##72581",
          "meta:descriptionId": "restaurant##xdm:deliveryPartners##description##58951"
        },
        "xdm:diningOptions": {
          "title": "Dining Options",
          "type": "array",
          "description": "Delivery and dining options available from the restaurant.",
          "items": {
            "type": "string",
            "enum": [
              "outdoorSeating",
              "delivery",
              "curbside",
              "takeout",
              "dogFriendly"
            ],
            "meta:enum": {
              "outdoorSeating": "Outdoor Seating",
              "delivery": "Delivery",
              "curbside": "Curbside",
              "takeout": "Takeout",
              "dogFriendly": "Dog Friendly"
            }
          },
          "meta:titleId": "restaurant##xdm:diningOptions##title##77411",
          "meta:descriptionId": "restaurant##xdm:diningOptions##description##42381"
        }
      }
    }
  },
  "allOf": [
    {
      "$ref": "https://ns.adobe.com/xdm/data/record"
    },
    {
      "$ref": "#/definitions/restaurant"
    }
  ],
  "meta:status": "stable",
  "meta:createdDate": "2020-11-19",
  "meta:titleId": "restaurant##title##17431",
  "meta:descriptionId": "restaurant##description##40591"
}
