{
  "meta:license": [
    "Copyright 2018 Adobe Systems Incorporated. All rights reserved.",
    "This work is licensed under a Creative Commons Attribution 4.0 International (CC BY 4.0) license",
    "you may not use this file except in compliance with the License. You may obtain a copy",
    "of the License at https://creativecommons.org/licenses/by/4.0/"
  ],
  "$id": "https://ns.adobe.com/xdm/context/segmentdefinition",
  "$schema": "http://json-schema.org/draft-06/schema#",
  "title": "Segment definition",
  "type": "object",
  "meta:extensible": true,
  "meta:abstract": true,
  "description": "This is the base class for a segment definition which includes required fields like identity of a segment and name of segment. Segment definitions coming from various system can use this class to build Segment Definition XDM schema.",
  "meta:extends": [
    "https://ns.adobe.com/xdm/data/record",
    "https://ns.adobe.com/xdm/common/auditable"
  ],
  "definitions": {
    "segmentdefinition": {
      "properties": {
        "xdm:segmentIdentity": {
          "title": "Segment identity",
          "$ref": "https://ns.adobe.com/xdm/context/segmentidentity",
          "description": "Identity of the segment.",
          "meta:titleId": "segmentdefinition##xdm:segmentIdentity##title##56811",
          "meta:descriptionId": "segmentdefinition##xdm:segmentIdentity##description##38651"
        },
        "xdm:segmentName": {
          "title": "Segment name",
          "type": "string",
          "description": "Name of the segment.",
          "meta:titleId": "segmentdefinition##xdm:segmentName##title##63151",
          "meta:descriptionId": "segmentdefinition##xdm:segmentName##description##97621"
        },
        "xdm:description": {
          "title": "Segment description",
          "type": "string",
          "description": "Description of the segment.",
          "meta:titleId": "segmentdefinition##xdm:description##title##2161",
          "meta:descriptionId": "segmentdefinition##xdm:description##description##72001"
        },
        "xdm:version": {
          "title": "Segment version",
          "type": "string",
          "description": "Version of the segment.",
          "meta:titleId": "segmentdefinition##xdm:version##title##86471",
          "meta:descriptionId": "segmentdefinition##xdm:version##description##28701"
        },
        "xdm:segmentStatus": {
          "type": "string",
          "title": "Segment status",
          "description": "Current status of segment from external system normalized to active, inactive, deleted, draft or revoked.",
          "enum": ["ACTIVE", "INACTIVE", "DELETED", "DRAFT", "REVOKED"],
          "meta:titleId": "segmentdefinition##xdm:segmentStatus##title##63401",
          "meta:descriptionId": "segmentdefinition##xdm:segmentStatus##description##29131",
          "meta:enum": {
            "ACTIVE": "Active",
            "INACTIVE": "Inactive",
            "DELETED": "Deleted",
            "DRAFT": "Draft",
            "REVOKED": "Revoked"
          }
        },
        "xdm:labels": {
          "title": "Labels",
          "description": "When present, it allows an array of labels. Values are resources IDs",
          "type": "array",
          "items": {
            "type": "string"
          },
          "meta:titleId": "segmentdefinition##xdm:labels##title##92671",
          "meta:descriptionId": "segmentdefinition##xdm:labels##description##26331"
        }
      }
    }
  },
  "required": ["xdm:segmentName"],
  "allOf": [
    {
      "$ref": "https://ns.adobe.com/xdm/common/extensible#/definitions/@context"
    },
    {
      "$ref": "https://ns.adobe.com/xdm/context/identitymap"
    },
    {
      "$ref": "https://ns.adobe.com/xdm/common/auditable"
    },
    {
      "$ref": "https://ns.adobe.com/xdm/data/record"
    },
    {
      "$ref": "#/definitions/segmentdefinition"
    }
  ],
  "meta:status": "stable",
  "meta:createdDate": "2020-08-10",
  "meta:titleId": "segmentdefinition##title##35431",
  "meta:descriptionId": "segmentdefinition##description##42991"
}
