{
  "meta:license": [
    "Copyright 2022 Adobe Systems Incorporated. All rights reserved.",
    "This work is licensed under a Creative Commons Attribution 4.0 International (CC BY 4.0) license",
    "you may not use this file except in compliance with the License. You may obtain a copy",
    "of the License at https://creativecommons.org/licenses/by/4.0/"
  ],
  "$id": "https://ns.adobe.com/xdm/classes/summarymetrics",
  "$schema": "http://json-schema.org/draft-06/schema#",
  "title": "XDM Summary Metrics",
  "type": "object",
  "meta:extensible": true,
  "meta:abstract": true,
  "meta:tags": {
    "industry": ["all"]
  },
  "meta:extends": ["https://ns.adobe.com/xdm/data/time-series"],
  "description": "A Summary Metric record provides pre-summarized metrics with grouping dimensions.  An example would be the results of an SQL SELECT with a GROUP BY.",
  "definitions": {
    "summarymetrics": {
      "properties": {}
    }
  },
  "required": ["xdm:timestamp"],
  "allOf": [
    {
      "$ref": "https://ns.adobe.com/xdm/common/extensible#/definitions/@context"
    },
    {
      "$ref": "https://ns.adobe.com/xdm/data/time-series"
    },
    {
      "$ref": "#/definitions/summarymetrics"
    }
  ],
  "meta:status": "stable",
  "meta:createdDate": "2022-03-28",
  "meta:titleId": "summarymetrics##title##88001",
  "meta:descriptionId": "summarymetrics##description##15321"
}
