{
  "meta:license": [
    "Copyright 2022 Adobe Systems Incorporated. All rights reserved.",
    "This work is licensed under a Creative Commons Attribution 4.0 International (CC BY 4.0) license",
    "you may not use this file except in compliance with the License. You may obtain a copy",
    "of the License at https://creativecommons.org/licenses/by/4.0/"
  ],
  "$id": "https://ns.adobe.com/xdm/classes/weather",
  "$schema": "http://json-schema.org/draft-06/schema#",
  "title": "Weather",
  "type": "object",
  "meta:extensible": true,
  "meta:abstract": true,
  "meta:extends": ["https://ns.adobe.com/xdm/data/record"],
  "meta:status": "experimental",
  "description": "Class for tracking weather data",
  "definitions": {
    "weather": {
      "properties": {
        "xdm:weatherID": {
          "title": "Weather ID",
          "description": "Weather identifier",
          "type": "string"
        }
      }
    }
  },
  "allOf": [
    {
      "$ref": "#/definitions/weather"
    },
    {
      "$ref": "https://ns.adobe.com/xdm/data/record"
    }
  ],
  "required": ["xdm:weatherID"]
}
