{
  "meta:license": [
    "Copyright 2017 Adobe Systems Incorporated. All rights reserved.",
    "This work is licensed under a Creative Commons Attribution 4.0 International (CC BY 4.0) license",
    "you may not use this file except in compliance with the License. You may obtain a copy",
    "of the License at https://creativecommons.org/licenses/by/4.0/"
  ],
  "$schema": "http://json-schema.org/draft-06/schema#",
  "$id": "https://ns.adobe.com/xdm/content/repository-policies/encryption",
  "title": "At-Rest Encryption",
  "type": "object",
  "meta:extensible": false,
  "description": "Representation of how content is encrypted at-rest.",
  "definitions": {
    "encryption": {
      "type": "object",
      "properties": {
        "xdm:keyType": {
          "name": "Key Type",
          "description": "The type of encryption key - 'platform': a key used across all tenants of the platform; 'org': a key managed exclusively for the org to which the storage belongs.",
          "meta:usereditable": false,
          "type": "string",
          "enum": ["platform", "org"]
        },
        "xdm:keyStatus": {
          "name": "Key Status",
          "description": "The status of the encryption key - 'enabled': the key is enabled and content is accessible to authorized users; 'disabled': the key is disabled and content is not accessible.",
          "meta:usereditable": false,
          "type": "string",
          "enum": ["enabled", "disabled"]
        }
      }
    }
  },
  "$ref": "#/definitions/encryption",
  "meta:status": "stable"
}
