{
  "meta:license": [
    "Copyright 2017 Adobe Systems Incorporated. All rights reserved.",
    "This work is licensed under a Creative Commons Attribution 4.0 International (CC BY 4.0) license",
    "you may not use this file except in compliance with the License. You may obtain a copy",
    "of the License at https://creativecommons.org/licenses/by/4.0/"
  ],
  "$schema": "http://json-schema.org/draft-06/schema#",
  "$id": "https://ns.adobe.com/xdm/content/repository-policies/versioning",
  "title": "Versioning",
  "description": "Representation of how content is versioned.",
  "meta:extensible": false,
  "definitions": {
    "versioning": {
      "type": "object",
      "properties": {
        "xdm:retentionTime": {
          "name": "Retention Time (days)",
          "description": "The maximum time (in days) up to which a version is retained if it is not marked as a milestone.",
          "type": "integer"
        },
        "xdm:maxMilestones": {
          "name": "Maximum Number of Milestones",
          "description": "The maximum number of old versions that can be marked as a milestone on a versioned resource.",
          "type": "integer"
        }
      }
    }
  },
  "type": "object",
  "$ref": "#/definitions/versioning",
  "meta:status": "stable"
}
