{
  "meta:license": [
    "Copyright 2020 Adobe Systems Incorporated. All rights reserved.",
    "This work is licensed under a Creative Commons Attribution 4.0 International (CC BY 4.0) license",
    "you may not use this file except in compliance with the License. You may obtain a copy",
    "of the License at https://creativecommons.org/licenses/by/4.0/"
  ],
  "$id": "https://ns.adobe.com/xdm/classes/fsi/atm",
  "$schema": "http://json-schema.org/draft-06/schema#",
  "title": "ATM",
  "type": "object",
  "meta:extensible": true,
  "meta:abstract": true,
  "meta:tags": {
    "industry": ["financial_services"]
  },
  "meta:extends": ["https://ns.adobe.com/xdm/data/record"],
  "description": "For ATM information such as active status, addrerss, ID and name. ",
  "definitions": {
    "atm": {
      "properties": {
        "xdm:isAtmActive": {
          "title": "Is ATM Active",
          "type": "boolean",
          "description": "Yes/no if the ATM is currently active.",
          "meta:titleId": "atm##xdm:isAtmActive##title##11261",
          "meta:descriptionId": "atm##xdm:isAtmActive##description##35161"
        },
        "xdm:atmAddress": {
          "title": "ATM Address",
          "$ref": "https://ns.adobe.com/xdm/common/address",
          "description": "Physicial address where the ATM is located.",
          "meta:titleId": "atm##xdm:atmAddress##title##70161",
          "meta:descriptionId": "atm##xdm:atmAddress##description##95271"
        },
        "xdm:atmID": {
          "title": "ATM ID",
          "type": "string",
          "description": "ID associated with the ATM.",
          "meta:titleId": "atm##xdm:atmID##title##49801",
          "meta:descriptionId": "atm##xdm:atmID##description##95771"
        },
        "xdm:atmName": {
          "title": "ATM Name",
          "type": "string",
          "description": "Name associated with the ATM.",
          "meta:titleId": "atm##xdm:atmName##title##91961",
          "meta:descriptionId": "atm##xdm:atmName##description##98821"
        }
      }
    }
  },
  "allOf": [
    {
      "$ref": "https://ns.adobe.com/xdm/data/record"
    },
    {
      "$ref": "#/definitions/atm"
    }
  ],
  "meta:status": "stable",
  "meta:createdDate": "2020-11-19",
  "meta:titleId": "atm##title##46521",
  "meta:descriptionId": "atm##description##34691"
}
