{
  "meta:license": [
    "Copyright 2020 Adobe Systems Incorporated. All rights reserved.",
    "This work is licensed under a Creative Commons Attribution 4.0 International (CC BY 4.0) license",
    "you may not use this file except in compliance with the License. You may obtain a copy",
    "of the License at https://creativecommons.org/licenses/by/4.0/"
  ],
  "$id": "https://ns.adobe.com/xdm/classes/fsi/branch",
  "$schema": "http://json-schema.org/draft-06/schema#",
  "title": "Branch",
  "type": "object",
  "meta:extensible": true,
  "meta:abstract": true,
  "meta:tags": {
    "industry": ["financial_services"]
  },
  "meta:extends": ["https://ns.adobe.com/xdm/data/record"],
  "description": "For branch information such as ID, name, and open and close times.",
  "definitions": {
    "branch": {
      "properties": {
        "xdm:isBranchActive": {
          "title": "Is Branch Active",
          "type": "boolean",
          "description": "Yes/no if the branch is currently active.",
          "meta:titleId": "branch##xdm:isBranchActive##title##32631",
          "meta:descriptionId": "branch##xdm:isBranchActive##description##75651"
        },
        "xdm:branchAddress": {
          "title": "Branch Address",
          "$ref": "https://ns.adobe.com/xdm/common/address",
          "description": "Physical address where the branch is located.",
          "meta:titleId": "branch##xdm:branchAddress##title##19621",
          "meta:descriptionId": "branch##xdm:branchAddress##description##12861"
        },
        "xdm:branchID": {
          "title": "Branch ID",
          "type": "string",
          "description": "ID associated with the branch. ",
          "meta:titleId": "branch##xdm:branchID##title##91031",
          "meta:descriptionId": "branch##xdm:branchID##description##13161"
        },
        "xdm:branchName": {
          "title": "Branch Name",
          "type": "string",
          "description": "Name of the branch.",
          "meta:titleId": "branch##xdm:branchName##title##39531",
          "meta:descriptionId": "branch##xdm:branchName##description##9021"
        },
        "xdm:branchCloseTime": {
          "title": "Branch Close Time",
          "type": "string",
          "format": "date-time",
          "description": "Time of day the branch closes.",
          "meta:titleId": "branch##xdm:branchCloseTime##title##68091",
          "meta:descriptionId": "branch##xdm:branchCloseTime##description##21881"
        },
        "xdm:branchOpenTime": {
          "title": "Brancn Open Time",
          "type": "string",
          "format": "date-time",
          "description": "Time of day the branch opens.",
          "meta:titleId": "branch##xdm:branchOpenTime##title##12401",
          "meta:descriptionId": "branch##xdm:branchOpenTime##description##70351"
        }
      }
    }
  },
  "allOf": [
    {
      "$ref": "https://ns.adobe.com/xdm/data/record"
    },
    {
      "$ref": "#/definitions/branch"
    }
  ],
  "meta:status": "stable",
  "meta:createdDate": "2020-11-19",
  "meta:titleId": "branch##title##23951",
  "meta:descriptionId": "branch##description##27891"
}
