{
  "meta:license": [
    "Copyright 2020 Adobe Systems Incorporated. All rights reserved.",
    "This work is licensed under a Creative Commons Attribution 4.0 International (CC BY 4.0) license",
    "you may not use this file except in compliance with the License. You may obtain a copy",
    "of the License at https://creativecommons.org/licenses/by/4.0/"
  ],
  "$id": "https://ns.adobe.com/xdm/classes/fsi/policy",
  "$schema": "http://json-schema.org/draft-06/schema#",
  "title": "Policy",
  "type": "object",
  "meta:extensible": true,
  "meta:tags": {
    "industry": ["financial_services"]
  },
  "meta:extends": ["https://ns.adobe.com/xdm/data/record"],
  "description": "Details for the insurance policy such as type, start date, and ID.",
  "definitions": {
    "policy-details": {
      "properties": {
        "xdm:endDate": {
          "title": "End Date",
          "type": "string",
          "format": "date-time",
          "description": "Date which the insurance policy coverage ended.",
          "meta:titleId": "policy##xdm:endDate##title##77091",
          "meta:descriptionId": "policy##xdm:endDate##description##85201"
        },
        "xdm:ID": {
          "title": "ID",
          "type": "string",
          "description": "Unique insurance policy identifier.",
          "meta:titleId": "policy##xdm:ID##title##76901",
          "meta:descriptionId": "policy##xdm:ID##description##53021"
        },
        "xdm:name": {
          "title": "Name",
          "type": "string",
          "description": "Insurance policy name.",
          "meta:titleId": "policy##xdm:name##title##52741",
          "meta:descriptionId": "policy##xdm:name##description##59371"
        },
        "xdm:startDate": {
          "title": "Start Date",
          "type": "string",
          "format": "date-time",
          "description": "Date which the insurance policy coverage started.",
          "meta:titleId": "policy##xdm:startDate##title##62321",
          "meta:descriptionId": "policy##xdm:startDate##description##45921"
        },
        "xdm:location": {
          "title": "Location",
          "$ref": "https://ns.adobe.com/xdm/common/address",
          "description": "Location in which the insurance policy is issued.",
          "meta:titleId": "policy##xdm:location##title##3511",
          "meta:descriptionId": "policy##xdm:location##description##29481"
        },
        "xdm:type": {
          "title": "Type",
          "type": "string",
          "enum": ["home", "automobile", "renter", "boat"],
          "description": "Type of insurance policy, such as home, automobile, renter, or boat.",
          "meta:titleId": "policy##xdm:type##title##19481",
          "meta:descriptionId": "policy##xdm:type##description##29041",
          "meta:enum": {
            "home": "Home",
            "automobile": "Automobile",
            "renter": "Renter",
            "boat": "Boat"
          }
        },
        "xdm:assignedBeneficiary": {
          "title": "Assigned Beneficiaries",
          "type": "array",
          "items": {
            "$ref": "https://ns.adobe.com/xdm/context/profile-person-details"
          },
          "description": "Captures the beneficiary(s) assigned to the policy.",
          "meta:titleId": "policy##xdm:assignedBeneficiary##title##36621",
          "meta:descriptionId": "policy##xdm:assignedBeneficiary##description##9831"
        },
        "xdm:hasAssignedBeneficiary": {
          "title": "Has Assigned Beneficiary",
          "type": "boolean",
          "description": "Flag determining if the account has a beneficiary assigned.",
          "meta:titleId": "policy##xdm:hasAssignedBeneficiary##title##1161",
          "meta:descriptionId": "policy##xdm:hasAssignedBeneficiary##description##51751"
        },
        "xdm:owner": {
          "title": "Owner",
          "$ref": "https://ns.adobe.com/xdm/context/profile-personal-details",
          "description": "Stores the policyholder's profile information. Extension of the personal profile details data type.",
          "meta:titleId": "policy##xdm:owner##title##51551",
          "meta:descriptionId": "policy##xdm:owner##description##34741"
        },
        "xdm:benefitAmount": {
          "title": "Benefit Amount",
          "$ref": "https://ns.adobe.com/xdm/datatypes/currency",
          "description": "The amount to be paid per the policy terms.",
          "meta:titleId": "policy##xdm:benefitAmount##title##95461",
          "meta:descriptionId": "policy##xdm:benefitAmount##description##69471"
        }
      }
    }
  },
  "allOf": [
    {
      "$ref": "https://ns.adobe.com/xdm/data/record"
    },
    {
      "$ref": "#/definitions/policy-details"
    }
  ],
  "meta:status": "stable",
  "meta:createdDate": "2021-02-19",
  "meta:titleId": "policy##title##89971",
  "meta:descriptionId": "policy##description##93701"
}
