{
  "xdm:lead": {
    "xdm:ID": "",
    "xdm:isConverted": true,
    "xdm:convertedAccountID": "",
    "xdm:convertedContactID": "",
    "xdm:convertedDate": "2018-12-20T15:52:25+00:00",
    "xdm:convertedOpportunityID": "",
    "xdm:jigsawContactID": "",
    "xdm:lastTransferDate": "2018-12-20T15:52:25+00:00",
    "xdm:source": "",
    "xdm:isUnReadByOwner": false,
    "xdm:extendedLead": {
      "xdm:type": "",
      "xdm:ownerID": "",
      "xdm:isDeleted": false,
      "xdm:emailBouncedDate": "2018-12-20T15:52:25+00:00",
      "xdm:emailBouncedReason": "Bounced Reason Here",
      "xdm:isEmailBounced": true,
      "xdm:description": "Contact description here",
      "xdm:status": "Contacted",
      "xdm:timezone": ""
    },
    "xdm:identityMap": {
      "EMAIL": [
        {
          "xdm:id": "jane@doe.com"
        }
      ]
    },
    "xdm:preferences": {
      "https://ns.adobe.com/xdm/channels/email": "pending",
      "https://ns.adobe.com/xdm/channels/phone": "out",
      "https://ns.adobe.com/xdm/channels/sms": "in",
      "https://ns.adobe.com/xdm/channels/fax": "not_provided",
      "https://ns.adobe.com/xdm/channels/direct-mail": "not_provided",
      "https://ns.adobe.com/xdm/channels/apns": "not_provided",
      "xdm:globalOptout": false,
      "xdm:optOutDetails": {
        "xdm:email": {
          "xdm:optOutReason": "Reason here",
          "xdm:optOutDate": "2018-01-20T15:52:25+00:00"
        },
        "xdm:phone": {
          "xdm:optOutReason": "Reason here",
          "xdm:optOutDate": "2018-01-20T15:52:25+00:00"
        }
      }
    },
    "xdm:organization": {
      "xdm:legalName": "ABC Stores",
      "xdm:numberOfEmployees": 200,
      "xdm:annualRevenue": 1000000,
      "xdm:industry": "Retail",
      "xdm:website": "http://www.abcstores.com"
    }
  },
  "xdm:extSourceSystemAudit": {
    "xdm:createdBy": "USER111",
    "xdm:createdDate": "2018-01-20T15:52:25+00:00",
    "xdm:lastUpdatedBy": "USER2222",
    "xdm:lastUpdatedDate": "2018-01-20T15:52:25+00:00",
    "xdm:lastActivityDate": "2018-01-20T15:52:25+00:00",
    "xdm:lastReferencedDate": "2018-01-20T15:52:25+00:00",
    "xdm:lastViewedDate": "2018-01-20T15:52:25+00:00"
  },
  "xdm:identityMap": {
    "EMAIL": [
      {
        "xdm:id": "jane@doe.com"
      }
    ]
  },
  "xdm:name": {
    "xdm:firstName": "Jane",
    "xdm:middleName": "F",
    "xdm:lastName": "Doe",
    "xdm:fullName": "Jane F. Doe"
  },
  "xdm:birthDate": "1996-10-28",
  "xdm:homePhone": {
    "xdm:primary": true,
    "xdm:number": "1-408-888-8888",
    "xdm:status": "active"
  },
  "xdm:workAddress": {
    "@id": "https://data.adobe.io/entities/address/123",
    "xdm:primary": false,
    "xdm:street1": "345 Park Ave",
    "xdm:city": "San Jose",
    "xdm:stateProvince": "US-CA",
    "xdm:postalCode": "95110",
    "xdm:country": "United States",
    "xdm:countryCode": "US",
    "schema:latitude": 37.3382,
    "schema:longitude": -121.8863,
    "xdm:status": "active",
    "xdm:lastVerifiedDate": "2018-12-20"
  },
  "xdm:workEmail": {
    "xdm:primary": false,
    "xdm:address": "jsmith@xyzinc.com",
    "xdm:label": "John Smith",
    "xdm:type": "work",
    "xdm:status": "active"
  },
  "xdm:workPhone": {
    "xdm:primary": true,
    "xdm:number": "1-408-888-8888",
    "xdm:status": "active"
  },
  "xdm:otherAddress": {
    "@id": "https://data.adobe.io/entities/address/234",
    "xdm:primary": false,
    "xdm:street1": "100 Park Ave",
    "xdm:city": "San Jose",
    "xdm:stateProvince": "US-CA",
    "xdm:postalCode": "95110",
    "xdm:country": "United States",
    "xdm:countryCode": "US",
    "schema:latitude": 37.3382,
    "schema:longitude": -121.8863,
    "xdm:status": "active",
    "xdm:lastVerifiedDate": "2018-01-02"
  },
  "xdm:otherPhone": {
    "xdm:primary": true,
    "xdm:number": "1-408-888-7777",
    "xdm:status": "active"
  },
  "xdm:extendedWorkDetails": {
    "xdm:assistantDetails": {
      "xdm:name": {
        "xdm:firstName": "John",
        "xdm:middleName": "S",
        "xdm:lastName": "Doe",
        "xdm:fullName": "John S. Doe"
      },
      "xdm:phone": {
        "xdm:primary": true,
        "xdm:number": "1-408-888-7777",
        "xdm:status": "active"
      }
    },
    "xdm:reportsToID": "RPT10000",
    "xdm:departments": ["Finance", "Marketing"],
    "xdm:jobTitle": "",
    "xdm:photoUrl": "https://PersonOrg.com/personPhoto.jpg"
  },
  "xdm:orgUnit": {
    "@id": "https://data.adobe.io/org-apparals-men"
  },
  "xdm:geoUnit": {
    "@id": "https://data.adobe.io/geo-france"
  }
}
