{
  "meta:license": [
    "Copyright 2020 Adobe Systems Incorporated. All rights reserved.",
    "This work is licensed under a Creative Commons Attribution 4.0 International (CC BY 4.0) license",
    "you may not use this file except in compliance with the License. You may obtain a copy",
    "of the License at https://creativecommons.org/licenses/by/4.0/"
  ],
  "$id": "https://ns.adobe.com/xdm/context/profile-lead-crm",
  "$schema": "http://json-schema.org/draft-06/schema#",
  "title": "XDM Business Lead ",
  "type": "object",
  "meta:extensible": true,
  "meta:abstract": true,
  "meta:intendedToExtend": ["https://ns.adobe.com/xdm/context/profile"],
  "meta:extends": [
    "https://ns.adobe.com/xdm/context/profile-work-details",
    "https://ns.adobe.com/xdm/context/profile-other-work-details",
    "https://ns.adobe.com/xdm/context/profile-personal-details",
    "https://ns.adobe.com/xdm/context/profile-person-details",
    "https://ns.adobe.com/xdm/context/profile-owning-entities"
  ],
  "description": "This mixin is used to capture information regarding a B2B Lead.",
  "definitions": {
    "profile-lead-crm": {
      "properties": {
        "xdm:lead": {
          "title": "Lead Details",
          "description": "Holds properties for a person to be recognized as a lead in the business-to-business space.",
          "$ref": "https://ns.adobe.com/xdm/common/b2b-lead"
        }
      }
    }
  },
  "allOf": [
    {
      "$ref": "https://ns.adobe.com/xdm/common/extensible#/definitions/@context"
    },
    {
      "$ref": "#/definitions/profile-lead-crm"
    },
    {
      "$ref": "https://ns.adobe.com/xdm/context/identitymap"
    },
    {
      "$ref": "https://ns.adobe.com/xdm/common/external-source-system-audit-details"
    },
    {
      "$ref": "https://ns.adobe.com/xdm/context/profile-person-details"
    },
    {
      "$ref": "https://ns.adobe.com/xdm/context/profile-personal-details"
    },
    {
      "$ref": "https://ns.adobe.com/xdm/context/profile-work-details"
    },
    {
      "$ref": "https://ns.adobe.com/xdm/context/profile-other-work-details"
    },
    {
      "$ref": "https://ns.adobe.com/xdm/context/profile-owning-entities"
    }
  ],
  "meta:status": "deprecated"
}
