{
  "meta:license": [
    "Copyright 2022 Adobe Systems Incorporated. All rights reserved.",
    "This work is licensed under a Creative Commons Attribution 4.0 International (CC BY 4.0) license",
    "you may not use this file except in compliance with the License. You may obtain a copy",
    "of the License at https://creativecommons.org/licenses/by/4.0/"
  ],
  "$id": "https://ns.adobe.com/xdm/datatypes/billing",
  "$schema": "http://json-schema.org/draft-06/schema#",
  "title": "Billing",
  "type": "object",
  "description": "Billing information for one or more payments, such as payment processor, etc.",
  "definitions": {
    "billing": {
      "properties": {
        "xdm:address": {
          "title": "Billing Address",
          "description": "Billing Address.",
          "$ref": "https://ns.adobe.com/xdm/common/address"
        }
      }
    }
  },
  "allOf": [
    {
      "$ref": "#/definitions/billing"
    }
  ],
  "meta:status": "experimental"
}
