{
  "meta:license": [
    "Copyright 2017 Adobe Systems Incorporated. All rights reserved.",
    "This work is licensed under a Creative Commons Attribution 4.0 International (CC BY 4.0) license",
    "you may not use this file except in compliance with the License. You may obtain a copy",
    "of the License at https://creativecommons.org/licenses/by/4.0/"
  ],
  "$id": "https://ns.adobe.com/xdm/context/browserdetails",
  "$schema": "http://json-schema.org/draft-06/schema#",
  "title": "Browser details",
  "type": "object",
  "meta:extensible": true,
  "description": "Detail information related to the browser.",
  "definitions": {
    "browserdetails": {
      "properties": {
        "xdm:name": {
          "title": "Name",
          "type": "string",
          "description": "The application or browser name.",
          "meta:titleId": "browserdetails##xdm:name##title##14721",
          "meta:descriptionId": "browserdetails##xdm:name##description##19791"
        },
        "xdm:vendor": {
          "title": "Vendor",
          "type": "string",
          "description": "The application or browser vendor.",
          "meta:titleId": "browserdetails##xdm:vendor##title##57401",
          "meta:descriptionId": "browserdetails##xdm:vendor##description##70741"
        },
        "xdm:version": {
          "title": "Version",
          "type": "string",
          "description": "The application or browser version.",
          "meta:titleId": "browserdetails##xdm:version##title##71841",
          "meta:descriptionId": "browserdetails##xdm:version##description##82171"
        },
        "xdm:acceptLanguage": {
          "title": "Accept language",
          "type": "string",
          "description": "An IETF language tag (RFC 5646).",
          "meta:titleId": "browserdetails##xdm:acceptLanguage##title##74401",
          "meta:descriptionId": "browserdetails##xdm:acceptLanguage##description##40371"
        },
        "xdm:cookiesEnabled": {
          "title": "Allows cookies",
          "type": "boolean",
          "description": "The current user agent settings allow for the writing of cookies.'",
          "meta:titleId": "browserdetails##xdm:cookiesEnabled##title##30621",
          "meta:descriptionId": "browserdetails##xdm:cookiesEnabled##description##16771"
        },
        "xdm:javaScriptEnabled": {
          "title": "JavaScript enabled",
          "type": "boolean",
          "description": "If JavaScript was enabled in the device this observation was made from.",
          "meta:titleId": "browserdetails##xdm:javaScriptEnabled##title##6111",
          "meta:descriptionId": "browserdetails##xdm:javaScriptEnabled##description##17361"
        },
        "xdm:javaScriptVersion": {
          "title": "JavaScript version",
          "type": "string",
          "description": "The version of JavaScript supported during the observation.",
          "meta:titleId": "browserdetails##xdm:javaScriptVersion##title##95101",
          "meta:descriptionId": "browserdetails##xdm:javaScriptVersion##description##11681"
        },
        "xdm:javaEnabled": {
          "title": "Java enabled",
          "type": "boolean",
          "description": "If Java was enabled in the device this observation was made from.",
          "meta:titleId": "browserdetails##xdm:javaEnabled##title##95201",
          "meta:descriptionId": "browserdetails##xdm:javaEnabled##description##89031"
        },
        "xdm:javaVersion": {
          "title": "Java version",
          "type": "string",
          "description": "The version of Java supported during the observation.",
          "meta:titleId": "browserdetails##xdm:javaVersion##title##54701",
          "meta:descriptionId": "browserdetails##xdm:javaVersion##description##12931"
        },
        "xdm:quicktimeVersion": {
          "title": "Quicktime version",
          "type": "string",
          "description": "The version of Apple Quicktime supported during the observation.",
          "meta:titleId": "browserdetails##xdm:quicktimeVersion##title##96031",
          "meta:descriptionId": "browserdetails##xdm:quicktimeVersion##description##11951"
        },
        "xdm:thirdPartyCookiesEnabled": {
          "title": "Allows third-party cookies",
          "type": "boolean",
          "description": "If third-party cookies were enabled when this observation was made.",
          "meta:titleId": "browserdetails##xdm:thirdPartyCookiesEnabled##title##64191",
          "meta:descriptionId": "browserdetails##xdm:thirdPartyCookiesEnabled##description##54031"
        },
        "xdm:viewportHeight": {
          "title": "Viewport height",
          "type": "integer",
          "description": "The vertical size in pixels of the window the experience was displayed inside. For a web view event, the browser viewport height.",
          "meta:titleId": "browserdetails##xdm:viewportHeight##title##65601",
          "meta:descriptionId": "browserdetails##xdm:viewportHeight##description##85311"
        },
        "xdm:viewportWidth": {
          "title": "Viewport width",
          "type": "integer",
          "description": "The horizontal size in pixels of the window the experience was displayed inside. For a web view event, the browser viewport width.",
          "meta:titleId": "browserdetails##xdm:viewportWidth##title##71151",
          "meta:descriptionId": "browserdetails##xdm:viewportWidth##description##96351"
        }
      }
    },
    "user-agent": {
      "properties": {
        "xdm:userAgent": {
          "title": "User agent",
          "type": "string",
          "description": "The HTTP user-agent string from the client request.",
          "meta:titleId": "browserdetails##xdm:userAgent##title##35071",
          "meta:descriptionId": "browserdetails##xdm:userAgent##description##80421"
        }
      }
    },
    "user-agent-client-hints": {
      "properties": {
        "xdm:userAgentClientHints": {
          "type": "object",
          "properties": {
            "xdm:brands": {
              "type": "array",
              "items": {
                "type": "object",
                "description": "User-agent associated commercial name with significant versions.",
                "properties": {
                  "xdm:brand": {
                    "title": "Brand",
                    "type": "string",
                    "description": "The user-agent's commercial name (e.g., cURL, Edge).",
                    "meta:titleId": "browserdetails##xdm:brand##title##30831",
                    "meta:descriptionId": "browserdetails##xdm:brand##description##7011"
                  },
                  "xdm:version": {
                    "title": "Significant version",
                    "type": "string",
                    "description": "The marketing version which includes distinguishable web-exposed features (e.g., 72, 3, or 12.1), corresponding to the user-agent.",
                    "meta:titleId": "browserdetails##xdm:version##title##28851",
                    "meta:descriptionId": "browserdetails##xdm:version##description##4681"
                  }
                },
                "meta:descriptionId": "browserdetails##items##description##47111"
              }
            },
            "xdm:mobile": {
              "title": "Mobileness",
              "type": "boolean",
              "description": "A boolean indicating if the user agent's device is a mobile device.",
              "meta:titleId": "browserdetails##xdm:mobile##title##7731",
              "meta:descriptionId": "browserdetails##xdm:mobile##description##63751"
            },
            "xdm:architecture": {
              "title": "Platform architecture",
              "type": "string",
              "description": "The user agent's underlying CPU architecture (e.g., ARM, or x86).",
              "meta:titleId": "browserdetails##xdm:architecture##title##43501",
              "meta:descriptionId": "browserdetails##xdm:architecture##description##50311"
            },
            "xdm:bitness": {
              "title": "Platform bitness",
              "type": "string",
              "description": "The user agent's underlying CPU architecture bitness (e.g., 32 or 64).",
              "meta:titleId": "browserdetails##xdm:bitness##title##70511",
              "meta:descriptionId": "browserdetails##xdm:bitness##description##39691"
            },
            "xdm:model": {
              "title": "Model",
              "type": "string",
              "description": "The user agent's device model  (e.g., Pixel 2 XL).",
              "meta:titleId": "browserdetails##xdm:model##title##34541",
              "meta:descriptionId": "browserdetails##xdm:model##description##70991"
            },
            "xdm:platform": {
              "title": "Platform",
              "type": "string",
              "description": "The user agent's operating system's commercial name.",
              "meta:titleId": "browserdetails##xdm:platform##title##38421",
              "meta:descriptionId": "browserdetails##xdm:platform##description##80271"
            },
            "xdm:platformVersion": {
              "title": "Platform version",
              "type": "string",
              "description": "The user agent's operating system's version (e.g., NT 6.0, 15, or 17G).",
              "meta:titleId": "browserdetails##xdm:platformVersion##title##67441",
              "meta:descriptionId": "browserdetails##xdm:platformVersion##description##3431"
            },
            "xdm:wow64": {
              "title": "WoW64-ness",
              "type": "boolean",
              "description": "A boolean indicating if the user agent's binary is running in 32-bit mode on 64-bit Windows.",
              "meta:titleId": "browserdetails##xdm:wow64##title##14641",
              "meta:descriptionId": "browserdetails##xdm:wow64##description##52501"
            }
          }
        }
      }
    }
  },
  "allOf": [
    {
      "$ref": "https://ns.adobe.com/xdm/common/extensible#/definitions/@context"
    },
    {
      "$ref": "#/definitions/browserdetails"
    },
    {
      "$ref": "#/definitions/user-agent"
    },
    {
      "$ref": "#/definitions/user-agent-client-hints"
    }
  ],
  "meta:status": "stable",
  "meta:createdDate": "2020-08-10",
  "meta:titleId": "browserdetails##title##50471",
  "meta:descriptionId": "browserdetails##description##75651"
}
