{
  "meta:license": [
    "Copyright 2022 Adobe Systems Incorporated. All rights reserved.",
    "This work is licensed under a Creative Commons Attribution 4.0 International (CC BY 4.0) license",
    "you may not use this file except in compliance with the License. You may obtain a copy",
    "of the License at https://creativecommons.org/licenses/by/4.0/"
  ],
  "$id": "https://ns.adobe.com/xdm/datatypes/cart",
  "$schema": "http://json-schema.org/draft-06/schema#",
  "title": "Cart",
  "type": "object",
  "description": "Cart-specific properties",
  "definitions": {
    "cart": {
      "properties": {
        "xdm:cartID": {
          "title": "Cart ID",
          "type": "string",
          "description": "Unique identifier assigned by the seller for the cart.",
          "meta:titleId": "cart##xdm:cartID##title##16131",
          "meta:descriptionId": "cart##xdm:cartID##description##66661"
        },
        "xdm:cartSource": {
          "title": "Cart Source",
          "type": "string",
          "description": "Where one or more products was added to the cart from.",
          "meta:titleId": "cart##xdm:cartSource##title##55321",
          "meta:descriptionId": "cart##xdm:cartSource##description##1551"
        }
      }
    }
  },
  "allOf": [
    {
      "$ref": "#/definitions/cart"
    }
  ],
  "meta:status": "stable",
  "meta:createdDate": "2022-03-02",
  "meta:titleId": "cart##title##89681",
  "meta:descriptionId": "cart##description##25591"
}
