{
  "meta:license": [
    "Copyright 2023 Adobe Systems Incorporated. All rights reserved.",
    "This work is licensed under a Creative Commons Attribution 4.0 International (CC BY 4.0) license",
    "you may not use this file except in compliance with the License. You may obtain a copy",
    "of the License at https://creativecommons.org/licenses/by/4.0/"
  ],
  "$id": "https://ns.adobe.com/xdm/datatypes/categorydata",
  "$schema": "http://json-schema.org/draft-06/schema#",
  "title": "Category data",
  "type": "object",
  "meta:extensible": true,
  "description": "This datatype represents the category of a product.",
  "definitions": {
    "categorydata": {
      "properties": {
        "xdm:categoryID": {
          "title": "Category identifier.",
          "type": "string"
        },
        "xdm:categoryName": {
          "title": "Category name",
          "type": "string"
        },
        "xdm:categoryPath": {
          "title": "Category path",
          "type": "string"
        }
      }
    }
  },
  "allOf": [
    {
      "$ref": "#/definitions/categorydata"
    }
  ],
  "meta:status": "stable"
}
