{
  "meta:license": [
    "Copyright 2020 Adobe Systems Incorporated. All rights reserved.",
    "This work is licensed under a Creative Commons Attribution 4.0 International (CC BY 4.0) license",
    "you may not use this file except in compliance with the License. You may obtain a copy",
    "of the License at https://creativecommons.org/licenses/by/4.0/"
  ],
  "$id": "https://ns.adobe.com/xdm/datatypes/currency",
  "$schema": "http://json-schema.org/draft-06/schema#",
  "title": "Currency",
  "type": "object",
  "meta:extensible": true,
  "description": "This datatype is used where ever you want to store any kind of amount in combination of currency code.",
  "definitions": {
    "currency": {
      "properties": {
        "xdm:amount": {
          "title": "Amount",
          "description": "Amount represented by the currencyCode",
          "type": "number",
          "meta:titleId": "currency##xdm:amount##title##16261",
          "meta:descriptionId": "currency##xdm:amount##description##25051"
        },
        "xdm:currencyCode": {
          "title": "Currency Code",
          "type": "string",
          "examples": ["USD", "EUR"],
          "pattern": "^[A-Z]{3}$",
          "description": "The ISO 4217 currency code.",
          "meta:titleId": "currency##xdm:currencyCode##title##99221",
          "meta:descriptionId": "currency##xdm:currencyCode##description##31611"
        },
        "xdm:conversionDate": {
          "title": "Conversion Date",
          "description": "Date when currency conversion was made.",
          "type": "string",
          "format": "date-time",
          "meta:titleId": "currency##xdm:conversionDate##title##50641",
          "meta:descriptionId": "currency##xdm:conversionDate##description##9481"
        }
      }
    }
  },
  "allOf": [
    {
      "$ref": "#/definitions/currency"
    }
  ],
  "meta:status": "stable",
  "meta:createdDate": "2020-09-29",
  "meta:titleId": "currency##title##30671",
  "meta:descriptionId": "currency##description##25081"
}
