{
  "meta:license": [
    "Copyright 2022 Adobe Systems Incorporated. All rights reserved.",
    "This work is licensed under a Creative Commons Attribution 4.0 International (CC BY 4.0) license",
    "you may not use this file except in compliance with the License. You may obtain a copy",
    "of the License at https://creativecommons.org/licenses/by/4.0/"
  ],
  "$id": "https://ns.adobe.com/xdm/datatypes/customMetadataDetails",
  "$schema": "http://json-schema.org/draft-06/schema#",
  "title": "Custom metadata details information",
  "type": "object",
  "meta:status": "stable",
  "meta:extensible": true,
  "description": "Custom metadata details information.",
  "definitions": {
    "customMetadataDetails": {
      "properties": {
        "xdm:name": {
          "title": "Custom Metadata Field Name",
          "type": "string",
          "description": "The name of the custom field."
        },
        "xdm:value": {
          "title": "Custom Metadata Field Value",
          "type": "string",
          "description": "The value of the custom field."
        }
      }
    }
  },
  "allOf": [
    {
      "$ref": "#/definitions/customMetadataDetails"
    }
  ]
}
