{
  "meta:license": [
    "Copyright 2018 Adobe Systems Incorporated. All rights reserved.",
    "This work is licensed under a Creative Commons Attribution 4.0 International (CC BY 4.0) license",
    "you may not use this file except in compliance with the License. You may obtain a copy",
    "of the License at https://creativecommons.org/licenses/by/4.0/"
  ],
  "$id": "https://ns.adobe.com/xdm/data/metrics/cart-abandons",
  "$schema": "http://json-schema.org/draft-06/schema#",
  "title": "Cart Abandons",
  "type": "object",
  "meta:extensible": true,
  "meta:extends": ["https://ns.adobe.com/xdm/data/metricdefinition"],
  "description": "Number of cart abandons for which a product list has been identified as no longer purchasable or accessible by the user without the user re-creating the product list from scratch.",
  "definitions": {
    "metricdefinition": {
      "properties": {
        "@id": {
          "type": "string",
          "const": "xdm:cartAbandons",
          "description": "The unique identifier of this metric.",
          "meta:descriptionId": "cart-abandons##@id##description##90681"
        },
        "schema:name": {
          "type": "string",
          "const": "commerce metric: cartAbandons",
          "description": "The human-readable name of the metric. The name can be used in user interfaces and does not have to be unique.",
          "meta:descriptionId": "cart-abandons##schema:name##description##49151"
        },
        "xdm:measurement": {
          "type": "string",
          "description": "How to take measures of this metric.",
          "const": "count",
          "meta:descriptionId": "cart-abandons##xdm:measurement##description##91661"
        },
        "xdm:unit": {
          "const": ""
        }
      }
    }
  },
  "allOf": [
    {
      "$ref": "#/definitions/metricdefinition"
    },
    {
      "$ref": "https://ns.adobe.com/xdm/data/metricdefinition"
    }
  ],
  "required": ["@id", "schema:name", "xdm:measurement", "xdm:unit"],
  "meta:status": "stable",
  "meta:createdDate": "2020-08-10",
  "meta:titleId": "cart-abandons##title##9591",
  "meta:descriptionId": "cart-abandons##description##52311"
}
