{
  "meta:license": [
    "Copyright 2017 Adobe Systems Incorporated. All rights reserved.",
    "This work is licensed under a Creative Commons Attribution 4.0 International (CC BY 4.0) license",
    "you may not use this file except in compliance with the License. You may obtain a copy",
    "of the License at https://creativecommons.org/licenses/by/4.0/"
  ],
  "$id": "https://ns.adobe.com/xdm/data/datasource",
  "$schema": "http://json-schema.org/draft-06/schema#",
  "title": "Data Source",
  "type": "object",
  "description": "The data source acts as a namespace or unique identifier associated with a collection of data. Each EndUserID is associated with a given data source. A user can create and obtain information about a data source during the solution onboarding.\n",
  "definitions": {
    "datasource": {
      "properties": {
        "@id": {
          "title": "Identifier",
          "type": "string",
          "format": "uri-reference",
          "description": "The unique ID of this data source. This would be provided by the individual or system that created the data source.\n",
          "meta:titleId": "datasource##@id##title##66831",
          "meta:descriptionId": "datasource##@id##description##11931"
        },
        "xdm:code": {
          "title": "Code",
          "type": "string",
          "description": "The code is a shortcut to the full @id and at least one of the code or @id can be used. Sometimes, this code is referred to as the data source integration code.",
          "meta:titleId": "datasource##xdm:code##title##54301",
          "meta:descriptionId": "datasource##xdm:code##description##92511"
        },
        "xdm:tags": {
          "title": "Tags",
          "type": "array",
          "description": "Tags are used to indicate how the aliases represented by a given data\nsource should be interpreted by applications using those aliases.\n\nExamples:\n\n* `isAVID`: data sources representing Analytics visitor IDs.\n* `isCRSKey`: data sources representing aliases that should be used as keys in CRS.\n\nTags are set when the data source is created but they are also included in\npipeline messages when referencing a given data source.\n",
          "uniqueItems": true,
          "items": {
            "type": "string"
          },
          "meta:titleId": "datasource##xdm:tags##title##65321",
          "meta:descriptionId": "datasource##xdm:tags##description##69111"
        }
      },
      "required": ["@id"]
    }
  },
  "allOf": [
    {
      "$ref": "#/definitions/datasource"
    }
  ],
  "meta:status": "stable",
  "meta:createdDate": "2020-08-10",
  "meta:titleId": "datasource##title##39551",
  "meta:descriptionId": "datasource##description##76871"
}
