{
  "meta:license": [
    "Copyright 2018 Adobe Systems Incorporated. All rights reserved.",
    "This work is licensed under a Creative Commons Attribution 4.0 International (CC BY 4.0) license",
    "you may not use this file except in compliance with the License. You may obtain a copy",
    "of the License at https://creativecommons.org/licenses/by/4.0/"
  ],
  "$id": "https://ns.adobe.com/xdm/data/metricdefinition",
  "$schema": "http://json-schema.org/draft-06/schema#",
  "title": "Metric Definition",
  "type": "object",
  "meta:extensible": true,
  "description": "",
  "definitions": {
    "metricdefinition": {
      "properties": {
        "@id": {
          "type": "string",
          "format": "uri-reference",
          "description": "The unique identifier of this metric.",
          "meta:descriptionId": "metricdefinition##@id##description##44171"
        },
        "schema:name": {
          "type": "string",
          "description": "The human-readable name of the metric. The name can be used in user interfaces and does not have to be unique.",
          "meta:descriptionId": "metricdefinition##schema:name##description##52471"
        },
        "xdm:measurement": {
          "type": "string",
          "description": "How to take measures of this metric.",
          "examples": ["distance", "time", "price", "count"],
          "meta:descriptionId": "metricdefinition##xdm:measurement##description##34121"
        },
        "xdm:unit": {
          "type": "string",
          "description": "The unit that this metric is measured in. Whenever possible, metrics should follow the [SI base units](https://www.bipm.org/en/measurement-units/) or be [ISO 4217 currency codes](https://www.iso.org/iso-4217-currency-codes.html).For metric that are counts, the `xdm:unit` must be empty string (equivalent to null)",
          "examples": ["m", "kg", "s", "USD"],
          "meta:descriptionId": "metricdefinition##xdm:unit##description##62961"
        }
      }
    }
  },
  "allOf": [
    {
      "$ref": "https://ns.adobe.com/xdm/common/extensible#/definitions/@context"
    },
    {
      "$ref": "#/definitions/metricdefinition"
    }
  ],
  "required": ["@id", "schema:name", "xdm:measurement", "xdm:unit"],
  "meta:status": "stable",
  "meta:createdDate": "2020-08-10",
  "meta:titleId": "metricdefinition##title##28671",
  "meta:descriptionId": "metricdefinition##description##96461"
}
