{
  "meta:license": [
    "Copyright 2018 Adobe Systems Incorporated. All rights reserved.",
    "This work is licensed under a Creative Commons Attribution 4.0 International (CC BY 4.0) license",
    "you may not use this file except in compliance with the License. You may obtain a copy",
    "of the License at https://creativecommons.org/licenses/by/4.0/"
  ],
  "$id": "https://ns.adobe.com/xdm/data/metrics/direct-marketing/opens",
  "$schema": "http://json-schema.org/draft-06/schema#",
  "title": "Opens",
  "type": "object",
  "meta:extensible": true,
  "meta:extends": ["https://ns.adobe.com/xdm/data/metricdefinition"],
  "description": "The direct-marketing metric `opens` describes the number of times the direct marketing messages (email, SMS, Push Notifications etc) have been opened/swiped/touched by the recipients.",
  "definitions": {
    "metricdefinition": {
      "properties": {
        "@id": {
          "type": "string",
          "const": "xdm:opens",
          "description": "The unique identifier of this metric.",
          "meta:descriptionId": "opens##@id##description##87281"
        },
        "schema:name": {
          "type": "string",
          "const": "direct-marketing metric: opens",
          "description": "The human-readable name of the metric. The name can be used in user interfaces and does not have to be unique.",
          "meta:descriptionId": "opens##schema:name##description##12121"
        },
        "xdm:measurement": {
          "type": "string",
          "description": "How to take measures of this metric.",
          "const": "count",
          "meta:descriptionId": "opens##xdm:measurement##description##81771"
        },
        "xdm:unit": {
          "const": ""
        }
      }
    }
  },
  "allOf": [
    {
      "$ref": "#/definitions/metricdefinition"
    },
    {
      "$ref": "https://ns.adobe.com/xdm/data/metricdefinition"
    }
  ],
  "required": ["@id", "schema:name", "xdm:measurement", "xdm:unit"],
  "meta:status": "stable",
  "meta:createdDate": "2020-08-10",
  "meta:titleId": "opens##title##35151",
  "meta:descriptionId": "opens##description##40231"
}
