{
  "meta:license": [
    "Copyright 2017 Adobe Systems Incorporated. All rights reserved.",
    "This work is licensed under a Creative Commons Attribution 4.0 International (CC BY 4.0) license",
    "you may not use this file except in compliance with the License. You may obtain a copy",
    "of the License at https://creativecommons.org/licenses/by/4.0/"
  ],
  "$id": "https://ns.adobe.com/xdm/data/order",
  "$schema": "http://json-schema.org/draft-06/schema#",
  "title": "Order",
  "type": "object",
  "description": "The order placed for a product list.",
  "definitions": {
    "order": {
      "properties": {
        "xdm:purchaseID": {
          "title": "Purchase ID",
          "type": "string",
          "description": "Unique identifier assigned by the seller for this purchase or contract. There is no guarantee that the ID is unique.",
          "meta:titleId": "order##xdm:purchaseID##title##55591",
          "meta:descriptionId": "order##xdm:purchaseID##description##70271"
        },
        "xdm:purchaseOrderNumber": {
          "title": "Purchase Order Number",
          "type": "string",
          "description": "Unique identifier assigned by the purchaser for this purchase or contract.",
          "meta:titleId": "order##xdm:purchaseOrderNumber##title##23251",
          "meta:descriptionId": "order##xdm:purchaseOrderNumber##description##51741"
        },
        "xdm:payments": {
          "title": "Payment List",
          "type": "array",
          "description": "The list of payments for this order.",
          "items": {
            "$ref": "https://ns.adobe.com/xdm/data/paymentitem"
          },
          "meta:titleId": "order##xdm:payments##title##70501",
          "meta:descriptionId": "order##xdm:payments##description##67541"
        },
        "xdm:refunds": {
          "title": "Refunds List",
          "type": "array",
          "description": "The list of refunds for this order.",
          "items": {
            "$ref": "https://ns.adobe.com/xdm/data/refunditem"
          }
        },
        "xdm:returns": {
          "title": "Return Info",
          "$ref": "https://ns.adobe.com/xdm/datatypes/return",
          "description": "The RMA (Return Merchandise Authorization) issued."
        },
        "xdm:currencyCode": {
          "title": "Currency",
          "type": "string",
          "examples": ["USD", "EUR"],
          "pattern": "^[A-Z]{3}$",
          "description": "The ISO 4217 currency code used for the order totals.",
          "meta:titleId": "order##xdm:currencyCode##title##81771",
          "meta:descriptionId": "order##xdm:currencyCode##description##51121"
        },
        "xdm:taxAmount": {
          "title": "Tax Amount",
          "type": "number",
          "description": "The tax amount paid by the buyer as part of the final payment.",
          "meta:titleId": "order##xdm:taxAmount##title##81954",
          "meta:descriptionId": "order##xdm:taxAmount##description##51205"
        },
        "xdm:discountAmount": {
          "title": "Discount Amount",
          "type": "number",
          "description": "The difference between the regular price and the special price - applied to the entire order, rather than to individual products."
        },
        "xdm:priceTotal": {
          "title": "Price Total",
          "type": "number",
          "description": "The total price of this order after all discounts and taxes have been applied.",
          "meta:titleId": "order##xdm:priceTotal##title##86151",
          "meta:descriptionId": "order##xdm:priceTotal##description##47781"
        },
        "xdm:orderType": {
          "title": "Order Type",
          "type": "string",
          "description": "The type order that has been placed.",
          "enum": ["checkout", "instant_purchase"],
          "meta:enum": {
            "checkout": "checkout",
            "instant_purchase": "Instant Purchase"
          },
          "meta:titleId": "order##xdm:orderType##title##56861",
          "meta:descriptionId": "order##xdm:orderType##description##62731"
        },
        "xdm:lastUpdatedDate": {
          "title": "Last Updated Date",
          "type": "string",
          "format": "date-time",
          "description": "The time when a particular order record is last updated in the commerce system.",
          "meta:titleId": "order##xdm:lastUpdatedDate##title##86152",
          "meta:descriptionId": "order##xdm:lastUpdatedDate##description##47783"
        },
        "xdm:createdDate": {
          "title": "Created Date",
          "type": "string",
          "format": "date-time",
          "description": "The time/date when a new order is created in the commerce system.",
          "meta:titleId": "order##xdm:createdDate##title##86153",
          "meta:descriptionId": "order##xdm:createdDate##description##47783"
        },
        "xdm:cancelDate": {
          "title": "Cancel Date",
          "type": "string",
          "format": "date-time",
          "description": "The date/time when an order cancellation is initiated by the shopper.",
          "meta:titleId": "order##xdm:cancelDate##title##86156",
          "meta:descriptionId": "order##xdm:cancelDate##description##47786"
        },
        "xdm:refundTotal": {
          "title": "Total Amount Refunded",
          "type": "number",
          "description": "The total amount provided in this refund on the order, combining all refunded items and after any discounts etc. have been applied."
        }
      }
    }
  },
  "allOf": [
    {
      "$ref": "#/definitions/order"
    }
  ],
  "meta:status": "stable",
  "meta:createdDate": "2020-08-10",
  "meta:titleId": "order##title##821",
  "meta:descriptionId": "order##description##62901"
}
