{
  "xdm:purchaseID": "a8g784hjq1mnp3",
  "xdm:purchaseOrderNumber": "123456",
  "xdm:payments": [
    {
      "xdm:transactionID": "transactid-a111",
      "xdm:paymentAmount": 899.99,
      "xdm:paymentType": "credit_card",
      "xdm:currencyCode": "USD"
    },
    {
      "xdm:transactionID": "transactid-a222",
      "xdm:paymentAmount": 99.99,
      "xdm:paymentType": "gift_card",
      "xdm:currencyCode": "USD"
    }
  ],
  "xdm:currencyCode": "USD",
  "xdm:priceTotal": 999.98,
  "xdm:taxAmount": 90,
  "xdm:discountAmount": 50,
  "xdm:orderType": "checkout",
  "xdm:lastUpdatedDate": "2022-10-22T09:02:15.541Z",
  "xdm:createdDate": "2022-10-22T09:02:15.541Z",
  "xdm:cancelDate": "2022-10-23T09:02:15.541Z"
}
