{
  "meta:license": [
    "Copyright 2017 Adobe Systems Incorporated. All rights reserved.",
    "This work is licensed under a Creative Commons Attribution 4.0 International (CC BY 4.0) license",
    "you may not use this file except in compliance with the License. You may obtain a copy",
    "of the License at https://creativecommons.org/licenses/by/4.0/"
  ],
  "$id": "https://ns.adobe.com/xdm/data/paymentitem",
  "$schema": "http://json-schema.org/draft-06/schema#",
  "title": "Payment Item",
  "type": "object",
  "description": "A payment associated with an order that defines the type of payment, the amount and the associated currency.",
  "definitions": {
    "paymentitem": {
      "properties": {
        "xdm:transactionID": {
          "title": "Transaction ID",
          "type": "string",
          "description": "The unique transaction identifier for this payment item.",
          "meta:titleId": "paymentitem##xdm:transactionID##title##1471",
          "meta:descriptionId": "paymentitem##xdm:transactionID##description##92431"
        },
        "xdm:paymentAmount": {
          "title": "Payment Amount",
          "type": "number",
          "description": "The value of the payment.",
          "meta:titleId": "paymentitem##xdm:paymentAmount##title##89951",
          "meta:descriptionId": "paymentitem##xdm:paymentAmount##description##62201"
        },
        "xdm:paymentType": {
          "title": "Payment Type",
          "type": "string",
          "description": "The method of payment for this order. Enumerated, custom values allowed.",
          "default": "other",
          "meta:enum": {
            "cash": "Cash",
            "credit_card": "Credit Card",
            "debit_card": "Debit Card",
            "gift_card": "Gift Card",
            "check": "Check",
            "paypal": "PayPal",
            "wire_transfer": "Wire Transfer",
            "credit_card_reference": "Credit Card Reference Transaction",
            "other": "Other"
          },
          "meta:titleId": "paymentitem##xdm:paymentType##title##76411",
          "meta:descriptionId": "paymentitem##xdm:paymentType##description##72701"
        },
        "xdm:currencyCode": {
          "title": "Currency Code",
          "type": "string",
          "examples": ["USD", "EUR"],
          "pattern": "^[A-Z]{3}$",
          "description": "The ISO 4217 currency code used for this payment item.",
          "meta:titleId": "paymentitem##xdm:currencyCode##title##89421",
          "meta:descriptionId": "paymentitem##xdm:currencyCode##description##35831"
        }
      }
    }
  },
  "allOf": [
    {
      "$ref": "#/definitions/paymentitem"
    }
  ],
  "meta:status": "stable",
  "meta:createdDate": "2020-08-10",
  "meta:titleId": "paymentitem##title##13531",
  "meta:descriptionId": "paymentitem##description##78221"
}
