{
  "meta:license": [
    "Copyright 2019 Adobe Systems Incorporated. All rights reserved.",
    "This work is licensed under a Creative Commons Attribution 4.0 International (CC BY 4.0) license",
    "you may not use this file except in compliance with the License. You may obtain a copy",
    "of the License at https://creativecommons.org/licenses/by/4.0/"
  ],
  "$id": "https://ns.adobe.com/xdm/data/record-timeseries-events",
  "$schema": "http://json-schema.org/draft-06/schema#",
  "title": "Time-series Extension for Record Data",
  "type": "object",
  "meta:extensible": true,
  "meta:abstract": true,
  "meta:intendedToExtend": [
    "https://ns.adobe.com/xdm/context/profile",
    "https://ns.adobe.com/xdm/data/record"
  ],
  "description": "Time-series extension for record data.",
  "definitions": {
    "record-timeseries-events": {
      "properties": {
        "xdm:timeSeriesEvents": {
          "title": "Time-series Events",
          "description": "List of time-series based events that relate to schemas based on record.",
          "type": "array",
          "items": {
            "$ref": "https://ns.adobe.com/xdm/data/time-series"
          },
          "meta:titleId": "record-timeseries-events##xdm:timeSeriesEvents##title##24871",
          "meta:descriptionId": "record-timeseries-events##xdm:timeSeriesEvents##description##28621"
        }
      }
    }
  },
  "allOf": [
    {
      "$ref": "https://ns.adobe.com/xdm/common/extensible#/definitions/@context"
    },
    {
      "$ref": "#/definitions/record-timeseries-events"
    }
  ],
  "meta:status": "stable",
  "meta:createdDate": "2020-08-10",
  "meta:titleId": "record-timeseries-events##title##5771",
  "meta:descriptionId": "record-timeseries-events##description##56861"
}
