{
  "@id": "https://events.adobe.io/event/id/82235bac-2b81-4e70-90b5-2bd1f04b5c7b",
  "@type": "https://ns.adobe.com/xdm/common/event/created",
  "xdm:objectType": "http://ns.adobe.com/adobecloud/core/1.0/asset",
  "activitystreams:actor": {
    "@id": "D13A1E7053E46A220A4C86E1@AdobeID",
    "@type": "https://ns.adobe.com/adobecloudplatform/ims/user"
  },
  "activitystreams:generator": {
    "xdm:root": "https://cc-api-storage.adobe.io/",
    "@type": "https://ns.adobe.com/xdm/content/repository"
  },
  "activitystreams:object": {
    "@type": "http://ns.adobe.com/adobecloud/core/1.0/asset",
    "repo:id": "urn:aaid:sc:us:4123ba4c-93a8-4c5d-b979-ffbbe4318185",
    "xdm:name": "example.jpg",
    "repo:etag": "6fc55d0389d856ae7deccebba54f110e",
    "xdm:path": "/MyFolder/example.jpg",
    "dc:format": "image/jpeg"
  },
  "activitystreams:published": "2016-07-16T19:20:30+01:00",
  "activitystreams:to": {
    "@id": "D13A1E7053E46A220A4C86E1@AdobeID",
    "@type": "https://ns.adobe.com/adobecloudplatform/ims/user"
  }
}
