{
  "meta:license": [
    "Copyright 2017 Adobe Systems Incorporated. All rights reserved.",
    "This work is licensed under a Creative Commons Attribution 4.0 International (CC BY 4.0) license",
    "you may not use this file except in compliance with the License. You may obtain a copy",
    "of the License at https://creativecommons.org/licenses/by/4.0/"
  ],
  "$schema": "http://json-schema.org/draft-06/schema#",
  "$id": "https://ns.adobe.com/xdm/common/event/rejected",
  "type": "object",
  "title": "Rejected Event",
  "meta:extends": "https://ns.adobe.com/xdm/common/eventenvelope",
  "description": "",
  "allOf": [
    {
      "$ref": "https://ns.adobe.com/xdm/common/eventenvelope"
    },
    {
      "properties": {
        "@type": {
          "type": "string",
          "const": "https://ns.adobe.com/xdm/common/event/rejected"
        }
      }
    }
  ],
  "meta:status": "stable"
}
