{
  "meta:license": [
    "Copyright 2020 Adobe Systems Incorporated. All rights reserved.",
    "This work is licensed under a Creative Commons Attribution 4.0 International (CC BY 4.0) license",
    "you may not use this file except in compliance with the License. You may obtain a copy",
    "of the License at https://creativecommons.org/licenses/by/4.0/"
  ],
  "$id": "https://ns.adobe.com/xdm/context/campaign-workflow-details",
  "$schema": "http://json-schema.org/draft-06/schema#",
  "title": "XDM Business Campaign workflow",
  "type": "object",
  "auditable": true,
  "meta:extensible": true,
  "meta:abstract": true,
  "meta:intendedToExtend": [
    "https://ns.adobe.com/xdm/context/campaign-workflow"
  ],
  "description": "An XDM campaign workflow",
  "definitions": {
    "campaign-workflow-details": {
      "properties": {
        "xdm:campaignName": {
          "title": "Campaign Name",
          "description": "Name of the campaign",
          "type": "string"
        },
        "xdm:campaignDescription": {
          "title": "Campaign description",
          "description": "Detailed description of the campaign",
          "type": "string"
        },
        "xdm:campaignStartDate": {
          "title": "Campaign Start date time",
          "description": "The date and time when the campaign started",
          "type": "string",
          "format": "date-time"
        },
        "xdm:campaignEndDate": {
          "title": "Campaign End date time",
          "description": "The date and time by which the campaign should end",
          "type": "string",
          "format": "date-time"
        },
        "xdm:ownerID": {
          "title": "Campaign Owner",
          "type": "string",
          "description": "The owner of the campaign"
        },
        "xdm:timezoneName": {
          "title": "Timezone Name",
          "description": "Name of the timezone 'Pacific Time','Eastern time' etc.",
          "type": "string"
        },
        "xdm:parentCampaignID": {
          "title": "Parent Campaign",
          "description": "The parent of the campaignID",
          "type": "string"
        },
        "xdm:campaignProgram": {
          "type": "object",
          "title": "Campaign's Program",
          "description": "The ID and the type of the program with which the campaign is associated, eg, 'Tradeshow'->'Event'",
          "properties": {
            "xdm:ID": {
              "title": "Program ID",
              "description": "Program ID associated with the Campaign",
              "type": "string"
            },
            "xdm:type": {
              "title": "Program Type",
              "description": "Program's Type of the Program ID",
              "type": "string"
            }
          },
          "required": ["xdm:ID", "xdm:type"]
        },
        "xdm:channelType": {
          "title": "Channel Type",
          "type": "string",
          "description": "The type of the channel"
        },
        "xdm:sourceType": {
          "title": "Campaign Source Type",
          "description": "The upstream source from where the campaign record has been syncronized",
          "type": "string"
        },
        "xdm:campaignStatus": {
          "title": "Campaign Status",
          "description": "Current Status of the campaign. eg. 'Active','Disabled' etc.",
          "type": "string"
        },
        "xdm:isDeleted": {
          "title": "Campaign soft delete status",
          "description": "A boolean flag which indicates whether the campaign is soft deleted in the system",
          "type": "boolean"
        },
        "xdm:isActive": {
          "title": "Campaign Active status ",
          "description": "A flag to indicate if the campaign is currently in the running/completed state",
          "type": "boolean"
        },
        "xdm:currencyCode": {
          "title": "Currency code",
          "description": "Standard ISO code(ISO 4217) for currency.",
          "type": "string",
          "pattern": "^([A-Z]{3})$"
        },
        "xdm:budgetedCost": {
          "title": "Budgeted Cost",
          "description": "Cost for which the campaign has been budgeted",
          "type": "number"
        },
        "xdm:actualCost": {
          "title": "Actual cost",
          "description": "Actual cost spent for the campaign",
          "type": "number"
        },
        "xdm:webinarSession": {
          "title": "Webinar details",
          "description": "Webinar details captured if the campaign type is Webinar",
          "type": "object",
          "properties": {
            "xdm:ID": {
              "title": "Webinar session ID",
              "description": "Detail description of the Webinar session.",
              "type": "string"
            },
            "xdm:name": {
              "title": "Webinar session name",
              "description": "Name of Webinar session.",
              "type": "string"
            },
            "xdm:description": {
              "title": "Webinar detail description",
              "description": "Detail description of the Webinar session",
              "type": "string"
            }
          }
        },
        "xdm:expectedParticipation": {
          "title": "Expected Participation",
          "description": "Metrics expected out of this campaign",
          "type": "object",
          "properties": {
            "xdm:numberOfResponses": {
              "title": "Responses expected",
              "description": "Capture how many responses are expected for this campaign",
              "type": "integer"
            },
            "xdm:revenue": {
              "title": "Revenue Expected",
              "description": "Campaign's expected revenue",
              "type": "number"
            }
          }
        },
        "xdm:participation": {
          "title": "Campaign participation",
          "description": "Capture metrics related to what actually happenedfor the campaign",
          "type": "object",
          "properties": {
            "xdm:numberOfRequestsSent": {
              "title": "Number of Requests sent",
              "description": "Number of requests sent to persons for participation",
              "type": "integer"
            },
            "xdm:numberOfResponses": {
              "title": "Recieved Responses",
              "description": "Number of responses recieved out of number of requests sent",
              "type": "integer"
            },
            "xdm:numberOfLeads": {
              "title": "Number of leads",
              "description": "Number of leads to whom the requests have sent",
              "type": "integer"
            },
            "xdm:numberOfConvertedLeads": {
              "title": "Converted Leads",
              "description": "Number to indicate that how many leads got converted by this campaign",
              "type": "integer"
            },
            "xdm:numberOfContacts": {
              "title": "Number of Contacts",
              "description": "Number to indicate that the request was sent to how many contacts",
              "type": "integer"
            }
          }
        },
        "xdm:opportunity": {
          "title": "Opportunity details for the campaign",
          "description": "Opportunity related metrics captured for the campaign",
          "type": "object",
          "properties": {
            "xdm:numberOfOpportunities": {
              "title": "Number of Opportunities",
              "description": "Total number of opportunities associated with the campaign",
              "type": "integer"
            },
            "xdm:amountOfAllOpportunities": {
              "title": "Amount for all opportunities",
              "description": "Sum amount associated with all opportunities",
              "type": "number"
            },
            "xdm:numberOfWonOpportunities": {
              "title": "Number of won Opportunities",
              "description": "Number of converted opportunities",
              "type": "integer"
            },
            "xdm:amountOFWonOpportunities": {
              "title": "Amount of Won Opportunities",
              "description": "Sum amount of the converted opportunities",
              "type": "number"
            }
          }
        },
        "xdm:hierarchy": {
          "title": "Hierarcy Metrics captured",
          "description": "Metrics captured at each hierarchy of the campaign, provided there are sub-campaigns",
          "type": "object",
          "properties": {
            "xdm:budgetedCost": {
              "title": "Budgeted cost",
              "description": "Cost for which the Campaign has been budgeted for",
              "type": "number"
            },
            "xdm:actualCost": {
              "title": "Actual Cost",
              "description": "Actual cost spent for the campaign",
              "type": "number"
            },
            "xdm:numberOfRequestsSent": {
              "title": "Number of Requests sent",
              "description": "Number of Requests sent to participants at each level",
              "type": "integer"
            },
            "xdm:numberOfResponses": {
              "title": "Number of responses",
              "description": "Number of responses recieved by the participants at each level of the hierarchy",
              "type": "integer"
            },
            "xdm:numberOfLeads": {
              "title": "Number of leads",
              "description": "Number of leads to whom the requests have sent",
              "type": "integer"
            },
            "xdm:numberOfConvertedLeads": {
              "title": "Converted Leads",
              "description": "Number to indicate that how many leads got converted by this campaign",
              "type": "integer"
            },
            "xdm:numberOfContacts": {
              "title": "Number of Contacts",
              "description": "Number to indicate that the request was sent to how many contacts",
              "type": "integer"
            },
            "xdm:numberOfOpportunities": {
              "title": "Number of Opportunities",
              "description": "Total number of opportunities associated with the campaign",
              "type": "integer"
            },
            "xdm:amountOfAllOpportunities": {
              "title": "Amount for all opportunities",
              "description": "Sum amount associated with all opportunities",
              "type": "number"
            },
            "xdm:numberOfWonOpportunities": {
              "title": "Number of won Opportunities",
              "description": "Number of converted opportunities",
              "type": "integer"
            },
            "xdm:amountOFWonOpportunities": {
              "title": "Amount of Won Opportunities",
              "description": "Sum amount of the converted opportunities",
              "type": "number"
            }
          }
        }
      }
    }
  },
  "allOf": [
    {
      "$ref": "https://ns.adobe.com/xdm/common/extensible#/definitions/@context"
    },
    {
      "$ref": "#/definitions/campaign-workflow-details"
    }
  ],
  "meta:status": "experimental"
}
