{
  "meta:license": [
    "Copyright 2018 Adobe Systems Incorporated. All rights reserved.",
    "This work is licensed under a Creative Commons Attribution 4.0 International (CC BY 4.0) license",
    "you may not use this file except in compliance with the License. You may obtain a copy",
    "of the License at https://creativecommons.org/licenses/by/4.0/"
  ],
  "$id": "https://ns.adobe.com/xdm/external/repo/accesscontrolpolicy",
  "$schema": "http://json-schema.org/draft-06/schema#",
  "title": "Access Control Policy",
  "description": "Schema for the access control policy of a resource.",
  "type": "object",
  "definitions": {
    "accesscontrolpolicy": {
      "type": "object",
      "properties": {
        "repo:acl": {
          "$ref": "https://ns.adobe.com/xdm/external/repo/accesscontrolentry#/definitions/acl"
        }
      }
    }
  },
  "allOf": [
    {
      "$ref": "#/definitions/accesscontrolpolicy"
    }
  ],
  "meta:status": "stable"
}
