{
  "repo:acl": [
    {
      "repo:principal": "authenticated",
      "repo:privileges": ["read"],
      "repo:modifier": "grant"
    },
    {
      "repo:principal": {
        "xdm:provider": {
          "@id": "https://ims-na1.adobelogin.com/"
        },
        "@id": "C0B648DE57D701277F000101@AdobeID",
        "@type": "https://ns.adobe.com/adobecloudplatform/ims/user"
      },
      "repo:privileges": ["write", "delete"],
      "repo:modifier": "grant",
      "repo:inheritance": "deep"
    }
  ]
}
