{
  "meta:license": [
    "Copyright 2018 Adobe Systems Incorporated. All rights reserved.",
    "This work is licensed under a Creative Commons Attribution 4.0 International (CC BY 4.0) license",
    "you may not use this file except in compliance with the License. You may obtain a copy",
    "of the License at https://creativecommons.org/licenses/by/4.0/"
  ],
  "$id": "https://ns.adobe.com/xdm/external/repo/accesscontrolentry",
  "$schema": "http://json-schema.org/draft-06/schema#",
  "title": "Access Control Entry",
  "description": "Schema for the access control entry for the access control List of a resource.",
  "type": "object",
  "definitions": {
    "acl": {
      "title": "Access Control List",
      "description": "Schema for the access control List of a resource.",
      "type": "array",
      "items": {
        "$ref": "https://ns.adobe.com/xdm/external/repo/accesscontrolentry"
      }
    },
    "ace": {
      "type": "object",
      "properties": {
        "repo:principal": {
          "anyOf": [
            {
              "$ref": "https://ns.adobe.com/xdm/common/principal"
            },
            {
              "description": "A special principal to which the entry applies. 'Authenticated' refers to any authenticated user, 'Unauthenticated' refers to an unknown user, 'all' refers to any user regardless of authenticated or not.",
              "meta:enum": {
                "authenticated": "A special principal which is implicitly part of any Subject relating to an authenticated (identified) user.",
                "unauthenticated": "A special principal representing an unknown user. If a session is established without credentials, such as an HTTP request without the Authentication header, a Subject is used consisting of the unauthenticated principal.",
                "all": "A special principal representing all users."
              }
            }
          ]
        },
        "repo:privileges": {
          "description": "Privileges granted or denied to the principal.",
          "type": "array",
          "items": {
            "$ref": "#/definitions/privilege"
          }
        },
        "repo:relations": {
          "description": "List of relation link types to which this privilege applies.",
          "type": "array",
          "items": {
            "type": "string"
          }
        },
        "repo:modifier": {
          "description": "Optional modified to the privilege: either grant or deny to grant or deny, resp., the privilege. The default modifier is grant if this property is missing or has an invalid value.",
          "type": "string",
          "meta:enum": {
            "grant": "Permission is granted to the principal.",
            "deny": "Permission is denied to the principal."
          },
          "default": "grant"
        },
        "repo:inheritance": {
          "description": "Optional inheritance of the ace: whether the deny or grant is inherited by the children of the resource. The default inheritance is deep if this property is missing or has an invalid value.",
          "type": "string",
          "meta:enum": {
            "deep": "Deny or grant applies to the resource and to all children of the resource.",
            "self": "Deny or grant only applies to the resource."
          },
          "default": "deep"
        }
      },
      "required": ["repo:principal", "repo:privileges"],
      "additionalProperties": {
        "type": ["object", "array", "string"]
      }
    },
    "privilege": {
      "type": "string",
      "meta:enum": {
        "ack": "Existence of the resource can be confirmed.",
        "read": "The resource can be retrieved.",
        "write": "The resource can be updated.",
        "modify": "Implies `read` and `write` privileges.",
        "attach": "Attached resources can be created.",
        "delete": "The resource can be deleted.",
        "full": "Implies all of the above privileges."
      }
    }
  },
  "allOf": [
    {
      "$ref": "#/definitions/ace"
    }
  ],
  "meta:status": "stable"
}
