{
  "meta:license": [
    "Copyright 2018 Adobe Systems Incorporated. All rights reserved.",
    "This work is licensed under a Creative Commons Attribution 4.0 International (CC BY 4.0) license",
    "you may not use this file except in compliance with the License. You may obtain a copy",
    "of the License at https://creativecommons.org/licenses/by/4.0/"
  ],
  "$schema": "http://json-schema.org/draft-06/schema#",
  "$id": "http://ns.adobe.com/adobecloud/core/1.0/asset",
  "type": "object",
  "title": "Asset",
  "meta:extends": [
    "http://ns.adobe.com/adobecloud/core/1.0#/definitions/common-properties",
    "http://ns.adobe.com/adobecloud/core/1.0#/definitions/date-properties",
    "https://ns.adobe.com/xdm/external/hal/resource#/definitions/hal"
  ],
  "meta:extensible": true,
  "description": "The set of repository metadata associated with a stored asset.",
  "definitions": {
    "asset": {
      "properties": {
        "repo:id": {
          "type": "string",
          "meta:immutable": true,
          "meta:usereditable": false,
          "description": "A unique identifier given to every addressable asset in a given repository.",
          "examples": ["urn:aaid:sc:US:6dc33479-13ca-4b19-b25d-c805eff8a69e"]
        },
        "repo:size": {
          "meta:usereditable": false,
          "type": "integer",
          "minimum": 0,
          "title": "Size",
          "description": "Size of the asset in bytes."
        },
        "repo:etag": {
          "meta:usereditable": false,
          "type": "string",
          "title": "ETag",
          "description": "An  ETag is an HTTP response header returned by an HTTP/1.1 compliant web server used to determine change in content of a resource at a given URL. "
        },
        "repo:version": {
          "type": "string",
          "meta:immutable": true,
          "meta:usereditable": false,
          "description": "The version ID of the piece of content. It will be generated both on explicit and implicit save or upload."
        },
        "repo:createdBy": {
          "type": "string",
          "meta:immutable": true,
          "meta:usereditable": false,
          "description": "ID of the user who initiated the action that caused the resource to be created in the repository."
        },
        "repo:modifiedBy": {
          "type": "string",
          "meta:usereditable": false,
          "description": "ID of the user who initiated the action that most recently caused the resource to be modified in the repository."
        },
        "tiff:imageWidth": {
          "title": "Width",
          "description": "Width in pixels",
          "type": "integer",
          "meta:usereditable": false,
          "minimum": 0,
          "example": 768
        },
        "tiff:imageLength": {
          "title": "Length",
          "description": "Height in pixels. To maintain continuity with the XMP and TIFF standards, the height of an image or video is specified in the property `imageLength`. The duration of the video (also commonly called length) is specified in the property `extent`",
          "type": "integer",
          "meta:usereditable": false,
          "minimum": 0,
          "example": 1024
        }
      }
    }
  },
  "allOf": [
    {
      "$ref": "#/definitions/asset"
    },
    {
      "$ref": "http://ns.adobe.com/adobecloud/core/1.0#/definitions/common-properties"
    },
    {
      "$ref": "http://ns.adobe.com/adobecloud/core/1.0#/definitions/date-properties"
    },
    {
      "$ref": "https://ns.adobe.com/xdm/external/hal/resource#/definitions/hal"
    }
  ],
  "required": [
    "repo:name",
    "repo:path",
    "dc:format",
    "repo:createDate",
    "repo:modifyDate",
    "repo:id",
    "repo:etag",
    "repo:version",
    "repo:size"
  ],
  "meta:status": "stable"
}
