{
  "meta:license": [
    "Copyright 2018 Adobe Systems Incorporated. All rights reserved.",
    "This work is licensed under a Creative Commons Attribution 4.0 International (CC BY 4.0) license",
    "you may not use this file except in compliance with the License. You may obtain a copy",
    "of the License at https://creativecommons.org/licenses/by/4.0/"
  ],
  "$id": "https://ns.adobe.com/xdm/external/repo/effectiveprivileges",
  "$schema": "http://json-schema.org/draft-06/schema#",
  "title": "Effective Privileges",
  "description": "Schema for the effective privileges resource.",
  "type": "object",
  "definitions": {
    "effectiveprivileges": {
      "type": "object",
      "properties": {
        "*": {
          "$ref": "#/definitions/privilege"
        }
      },
      "additionalProperties": {
        "$ref": "#/definitions/privilege"
      }
    },
    "privilege": {
      "description": "Privilege granted to the current subject.",
      "type": "array",
      "items": {
        "type": "string",
        "enum": ["ack", "read", "write", "attach", "delete"]
      }
    }
  },
  "allOf": [
    {
      "$ref": "#/definitions/effectiveprivileges"
    }
  ],
  "meta:status": "stable"
}
