{
  "meta:license": [
    "Copyright 2018 Adobe Systems Incorporated. All rights reserved.",
    "This work is licensed under a Creative Commons Attribution 4.0 International (CC BY 4.0) license",
    "you may not use this file except in compliance with the License. You may obtain a copy",
    "of the License at https://creativecommons.org/licenses/by/4.0/"
  ],
  "$schema": "http://json-schema.org/draft-06/schema#",
  "$id": "http://ns.adobe.com/adobecloud/core/1.0/sub-directory",
  "type": "object",
  "title": "Sub-Directory",
  "description": "A sub-directory in a directory listing.",
  "meta:extends": [
    "http://ns.adobe.com/adobecloud/core/1.0#/definitions/common-properties",
    "http://ns.adobe.com/adobecloud/core/1.0#/definitions/date-properties",
    "https://ns.adobe.com/xdm/external/hal/resource#/definitions/hal"
  ],
  "definitions": {
    "sub-directory": {
      "properties": {
        "dc:format": {
          "type": "string",
          "title": "Format",
          "const": "application/vnd.adobecloud.directory+json"
        }
      }
    }
  },
  "allOf": [
    {
      "$ref": "#/definitions/sub-directory"
    },
    {
      "$ref": "http://ns.adobe.com/adobecloud/core/1.0#/definitions/common-properties"
    },
    {
      "$ref": "https://ns.adobe.com/xdm/external/hal/resource#/definitions/hal"
    }
  ],
  "required": ["repo:name", "repo:path", "dc:format"],
  "meta:status": "stable"
}
