{
  "meta:license": [
    "Copyright 2020 Adobe Systems Incorporated. All rights reserved.",
    "This work is licensed under a Creative Commons Attribution 4.0 International (CC BY 4.0) license",
    "you may not use this file except in compliance with the License. You may obtain a copy",
    "of the License at https://creativecommons.org/licenses/by/4.0/"
  ],
  "$id": "https://ns.adobe.com/xdm/datatypes/b2b-source",
  "$schema": "http://json-schema.org/draft-06/schema#",
  "title": "B2B Source",
  "type": "object",
  "meta:extensible": true,
  "meta:abstract": true,
  "description": "This Data Type is used to capture B2B/CRM Source identifiers.",
  "definitions": {
    "b2b-source": {
      "properties": {
        "xdm:sourceType": {
          "title": "Source Type",
          "type": "string",
          "description": "Instance or Organization Id of the source data.",
          "meta:titleId": "b2b-source##xdm:sourceType##title##56201",
          "meta:descriptionId": "b2b-source##xdm:sourceType##description##31691"
        },
        "xdm:sourceInstanceID": {
          "title": "Source Instance ID",
          "type": "string",
          "description": "Name of the platform with the source data.",
          "meta:titleId": "b2b-source##xdm:sourceInstanceID##title##36261",
          "meta:descriptionId": "b2b-source##xdm:sourceInstanceID##description##99011"
        },
        "xdm:sourceID": {
          "title": "Source ID",
          "type": "string",
          "description": "Identifier of the record from the source data.",
          "meta:titleId": "b2b-source##xdm:sourceID##title##93071",
          "meta:descriptionId": "b2b-source##xdm:sourceID##description##33021"
        },
        "xdm:sourceKey": {
          "title": "Source Key",
          "type": "string",
          "description": "Unique identifier composed of the sourceType, sourceInstanceId, and sourceId.",
          "meta:titleId": "b2b-source##xdm:sourceKey##title##17431",
          "meta:descriptionId": "b2b-source##xdm:sourceKey##description##99891"
        }
      }
    }
  },
  "allOf": [
    {
      "$ref": "https://ns.adobe.com/xdm/common/extensible#/definitions/@context"
    },
    {
      "$ref": "#/definitions/b2b-source"
    }
  ],
  "meta:status": "stable",
  "meta:createdDate": "2021-02-19",
  "meta:titleId": "b2b-source##title##53031",
  "meta:descriptionId": "b2b-source##description##361"
}
