{
  "@id": "https://data.adobe.io/entities/org/orgid111",
  "xdm:legalName": "ABC Stores",
  "xdm:numberOfEmployees": 200,
  "xdm:annualRevenue": 1000000,
  "xdm:industry": "Retail",
  "xdm:website": "http://www.abcstores.com",
  "rating": 1,
  "xdm:marketSegment": "apparel for kids",
  "xdm:location": {
    "@id": "https://data.adobe.io/entities/places/locid123",
    "schema:description": "ABC Store location",
    "xdm:address": {
      "@id": "https://data.adobe.io/entities/address/123",
      "xdm:primary": true,
      "xdm:type": "work",
      "xdm:street1": "100 Lincoln Ave",
      "xdm:city": "San Jose",
      "xdm:stateProvince": "US-CA",
      "xdm:postalCode": "95125",
      "xdm:country": "United States",
      "xdm:countryCode": "US",
      "schema:latitude": 37.3382,
      "schema:longitude": -121.8863,
      "xdm:status": "active",
      "xdm:lastVerifiedDate": "2018-01-03"
    },
    "schema:telephone": "1-408-800-0000",
    "xdm:identifier": {
      "identifiers": [
        {
          "https://ns.adobe.com/xdm/external/dnb": "1234"
        },
        {
          "https://ns.adobe.com/xdm/external/angellist": "https://angel.co/adobe"
        }
      ]
    },
    "xdm:classifier": {
      "classifiers": [
        {
          "https://ns.adobe.com/xdm/external/sic": "1234"
        },
        {
          "https://ns.adobe.com/xdm/external/naics": "1234"
        }
      ]
    }
  }
}
