{
  "meta:license": [
    "Copyright 2018 Adobe Systems Incorporated. All rights reserved.",
    "This work is licensed under a Creative Commons Attribution 4.0 International (CC BY 4.0) license",
    "you may not use this file except in compliance with the License. You may obtain a copy",
    "of the License at https://creativecommons.org/licenses/by/4.0/"
  ],
  "$id": "https://ns.adobe.com/xdm/common/orgunit",
  "$schema": "http://json-schema.org/draft-06/schema#",
  "type": "object",
  "meta:extensible": true,
  "title": "Organizational unit",
  "description": "The organizational unit of a parent organization.",
  "definitions": {
    "orgunit": {
      "properties": {
        "@id": {
          "title": "Identifier",
          "type": "string",
          "format": "uri-reference",
          "description": "The ID associated with this organizational unit.",
          "meta:titleId": "orgunit##@id##title##4361",
          "meta:descriptionId": "orgunit##@id##description##54461"
        },
        "xdm:label": {
          "title": "Label of the organizational unit.",
          "type": "string",
          "description": "The user-friendly name for the organizational unit.",
          "meta:titleId": "orgunit##xdm:label##title##61281",
          "meta:descriptionId": "orgunit##xdm:label##description##60261"
        }
      },
      "required": ["@id"]
    }
  },
  "allOf": [
    {
      "$ref": "#/definitions/orgunit"
    }
  ],
  "meta:status": "stable",
  "meta:createdDate": "2021-02-19",
  "meta:titleId": "orgunit##title##9321",
  "meta:descriptionId": "orgunit##description##61681"
}
