{
  "meta:license": [
    "Copyright 2020 Adobe Systems Incorporated. All rights reserved.",
    "This work is licensed under a Creative Commons Attribution 4.0 International (CC BY 4.0) license",
    "you may not use this file except in compliance with the License. You may obtain a copy",
    "of the License at https://creativecommons.org/licenses/by/4.0/"
  ],
  "$id": "https://ns.adobe.com/xdm/context/account",
  "$schema": "http://json-schema.org/draft-06/schema#",
  "title": "XDM Business Account",
  "type": "object",
  "meta:tags": {
    "b2bSchema": true
  },
  "auditable": true,
  "meta:extensible": true,
  "meta:abstract": true,
  "meta:extends": ["https://ns.adobe.com/xdm/data/record"],
  "description": "XDM Business Account is a standard Experience Data Model (XDM) class that captures the minimum required properties of a business account. This XDM class can only be included in the profile for customers with the B2B or B2P Edition.",
  "definitions": {
    "account": {
      "properties": {
        "xdm:accountID": {
          "title": "Account Identifier",
          "description": "Unique ID for the account.",
          "type": "string",
          "meta:titleId": "account##xdm:accountID##title##59121",
          "meta:descriptionId": "account##xdm:accountID##description##27991"
        },
        "xdm:accountKey": {
          "title": "Account Key",
          "description": "Unique composite key identifier for the Account.",
          "$ref": "https://ns.adobe.com/xdm/datatypes/b2b-source",
          "meta:titleId": "account##xdm:accountKey##title##76911",
          "meta:descriptionId": "account##xdm:accountKey##description##47311"
        }
      }
    }
  },
  "allOf": [
    {
      "$ref": "https://ns.adobe.com/xdm/common/extensible#/definitions/@context"
    },
    {
      "$ref": "https://ns.adobe.com/xdm/data/record"
    },
    {
      "$ref": "#/definitions/account"
    },
    {
      "$ref": "https://ns.adobe.com/xdm/common/external-source-system-audit-details"
    },
    {
      "$ref": "https://ns.adobe.com/xdm/mixins/record-status"
    }
  ],
  "meta:status": "stable",
  "meta:titleId": "account##title##4841",
  "meta:descriptionId": "account##description##65781"
}
