{
  "meta:license": [
    "Copyright 2020 Adobe Systems Incorporated. All rights reserved.",
    "This work is licensed under a Creative Commons Attribution 4.0 International (CC BY 4.0) license",
    "you may not use this file except in compliance with the License. You may obtain a copy",
    "of the License at https://creativecommons.org/licenses/by/4.0/"
  ],
  "$id": "https://ns.adobe.com/xdm/classes/account-person",
  "$schema": "http://json-schema.org/draft-06/schema#",
  "title": "XDM Business Account Person Relation",
  "type": "object",
  "meta:tags": {
    "b2bSchema": true
  },
  "meta:extensible": true,
  "meta:abstract": true,
  "meta:extends": ["https://ns.adobe.com/xdm/data/record"],
  "description": "XDM Business Account Person Relation is a standard Experience Data Model (XDM) class that captures the minimum required properties of a person that is associated with a business account. This XDM class can only be included in the profile for customers with the B2B or B2P Edition.",
  "definitions": {
    "account-person": {
      "properties": {
        "xdm:accountPersonID": {
          "title": "Account Person ID",
          "description": "Unique identifier for this relationship between an account and a person.",
          "type": "string",
          "meta:titleId": "account-person##xdm:accountPersonID##title##55901",
          "meta:descriptionId": "account-person##xdm:accountPersonID##description##63171"
        },
        "xdm:accountPersonKey": {
          "title": "Account Person Key",
          "description": "Unique composite identifier for this relationship between an account and a person.",
          "$ref": "https://ns.adobe.com/xdm/datatypes/b2b-source",
          "meta:titleId": "account-person##xdm:accountPersonKey##title##86581",
          "meta:descriptionId": "account-person##xdm:accountPersonKey##description##50861"
        },
        "xdm:accountID": {
          "title": "Account ID",
          "description": "Unique identifier for the account in this account person relationship.",
          "type": "string",
          "meta:titleId": "account-person##xdm:accountID##title##74971",
          "meta:descriptionId": "account-person##xdm:accountID##description##96141"
        },
        "xdm:accountKey": {
          "title": "Account Key",
          "description": "Unique composite identifier for the account in this account person relationship.",
          "$ref": "https://ns.adobe.com/xdm/datatypes/b2b-source",
          "meta:titleId": "account-person##xdm:accountKey##title##85441",
          "meta:descriptionId": "account-person##xdm:accountKey##description##20571"
        },
        "xdm:personID": {
          "title": "Person ID",
          "description": "Unique identifier for the person in this account person relationship.",
          "type": "string",
          "meta:titleId": "account-person##xdm:personID##title##42991",
          "meta:descriptionId": "account-person##xdm:personID##description##66421"
        },
        "xdm:personKey": {
          "title": "Person Key",
          "description": "Unique composite identifier for the person in this account person relationship.",
          "$ref": "https://ns.adobe.com/xdm/datatypes/b2b-source",
          "meta:titleId": "account-person##xdm:personKey##title##73161",
          "meta:descriptionId": "account-person##xdm:personKey##description##86061"
        },
        "xdm:personRole": {
          "title": "Person Role",
          "description": "Role of the person on this account.",
          "type": "string",
          "meta:titleId": "account-person##xdm:personRole##title##49191",
          "meta:descriptionId": "account-person##xdm:personRole##description##22021",
          "meta:status": "deprecated"
        },
        "xdm:personRoles": {
          "title": "Person Roles",
          "description": "An array of roles of the person on this account.",
          "type": "array",
          "items": {
            "type": "string"
          },
          "meta:titleId": "account-person##xdm:personRoles##title##98611",
          "meta:descriptionId": "account-person##xdm:personRoles##description##67421"
        },
        "xdm:isDirect": {
          "title": "Direct Flag",
          "description": "Boolean to indicate if this is a direct relationship between the account and the person.",
          "type": "boolean",
          "meta:titleId": "account-person##xdm:isDirect##title##75251",
          "meta:descriptionId": "account-person##xdm:isDirect##description##5791"
        },
        "xdm:isActive": {
          "title": "Active Flag",
          "description": "Boolean to indicate if this relationship between the account and the person is active.",
          "type": "boolean",
          "meta:titleId": "account-person##xdm:isActive##title##32451",
          "meta:descriptionId": "account-person##xdm:isActive##description##46311"
        },
        "xdm:isPrimary": {
          "title": "Primary Flag",
          "description": "Boolean to indicate if the person is the primary contact on the account.",
          "type": "boolean",
          "meta:titleId": "account-person##xdm:isPrimary##title##68351",
          "meta:descriptionId": "account-person##xdm:isPrimary##description##31061"
        },
        "xdm:relationStartDate": {
          "title": "Relationship Start Date",
          "description": "The date when the relationship between the account and the person started.",
          "type": "string",
          "format": "date-time",
          "meta:titleId": "account-person##xdm:relationStartDate##title##91141",
          "meta:descriptionId": "account-person##xdm:relationStartDate##description##49381"
        },
        "xdm:relationEndDate": {
          "title": "Relationship End Date",
          "description": "The date when the relationship between the account and the person ended.",
          "type": "string",
          "format": "date-time",
          "meta:titleId": "account-person##xdm:relationEndDate##title##35651",
          "meta:descriptionId": "account-person##xdm:relationEndDate##description##37071"
        },
        "xdm:currencyCode": {
          "title": "Currency Code",
          "type": "string",
          "examples": ["USD", "EUR"],
          "pattern": "^[A-Z]{3}$",
          "description": "The ISO 4217 currency code used for the relationship between the account and the person.",
          "meta:titleId": "account-person##xdm:currencyCode##title##72221",
          "meta:descriptionId": "account-person##xdm:currencyCode##description##58201"
        },
        "xdm:relationshipSource": {
          "title": "Relationship Source",
          "description": "Source of Account Person relation.",
          "type": "string",
          "meta:titleId": "account-person##xdm:relationshipSource##title##40031",
          "meta:descriptionId": "account-person##xdm:relationshipSource##description##88321"
        }
      }
    }
  },
  "allOf": [
    {
      "$ref": "https://ns.adobe.com/xdm/data/record"
    },
    {
      "$ref": "#/definitions/account-person"
    },
    {
      "$ref": "https://ns.adobe.com/xdm/common/external-source-system-audit-details"
    },
    {
      "$ref": "https://ns.adobe.com/xdm/mixins/record-status"
    }
  ],
  "meta:status": "stable",
  "meta:titleId": "account-person##title##54851",
  "meta:descriptionId": "account-person##description##46121"
}
