{
  "meta:license": [
    "Copyright 2020 Adobe Systems Incorporated. All rights reserved.",
    "This work is licensed under a Creative Commons Attribution 4.0 International (CC BY 4.0) license",
    "you may not use this file except in compliance with the License. You may obtain a copy",
    "of the License at https://creativecommons.org/licenses/by/4.0/"
  ],
  "$id": "https://ns.adobe.com/xdm/classes/marketing-list-member",
  "$schema": "http://json-schema.org/draft-06/schema#",
  "title": "XDM Business Marketing List Members",
  "type": "object",
  "meta:tags": {
    "b2bSchema": true
  },
  "meta:extensible": true,
  "meta:abstract": true,
  "meta:extends": ["https://ns.adobe.com/xdm/data/record"],
  "description": "XDM Business Marketing List Members is a standard Experience Data Model (XDM) class that describes members, persons, or contacts associated with a marketing list. This XDM class can only be included in the profile for customers with the B2B or B2P Edition.",
  "definitions": {
    "marketing-list-member": {
      "properties": {
        "xdm:marketingListMemberID": {
          "title": "Marketing List Member ID",
          "description": "Unique ID for the membership of this person to this marketing list.",
          "type": "string",
          "meta:titleId": "marketing-list-member##xdm:marketingListMemberID##title##85671",
          "meta:descriptionId": "marketing-list-member##xdm:marketingListMemberID##description##52641"
        },
        "xdm:marketingListMemberKey": {
          "title": "Marketing List Member Key",
          "description": "Unique composite identifier of the membership of this person from the marketing list.",
          "$ref": "https://ns.adobe.com/xdm/datatypes/b2b-source",
          "meta:titleId": "marketing-list-member##xdm:marketingListMemberKey##title##31771",
          "meta:descriptionId": "marketing-list-member##xdm:marketingListMemberKey##description##52381"
        },
        "xdm:personID": {
          "title": "Person Identifier",
          "description": "Unique ID for the person who is a member of this marketing list.",
          "type": "string",
          "meta:titleId": "marketing-list-member##xdm:personID##title##41781",
          "meta:descriptionId": "marketing-list-member##xdm:personID##description##94281"
        },
        "xdm:personKey": {
          "title": "Person Key",
          "description": "Unique composite identifier of the Person from the marketing list.",
          "$ref": "https://ns.adobe.com/xdm/datatypes/b2b-source",
          "meta:titleId": "marketing-list-member##xdm:personKey##title##3831",
          "meta:descriptionId": "marketing-list-member##xdm:personKey##description##79331"
        },
        "xdm:marketingListID": {
          "title": "Marketing List Identifier",
          "description": "Unique ID for the marketing list this person is a member of.",
          "type": "string",
          "meta:titleId": "marketing-list-member##xdm:marketingListID##title##76661",
          "meta:descriptionId": "marketing-list-member##xdm:marketingListID##description##78351"
        },
        "xdm:marketingListKey": {
          "title": "Marketing List Key",
          "description": "Unique composite identifier of the Marketing List this person is a member of.",
          "$ref": "https://ns.adobe.com/xdm/datatypes/b2b-source",
          "meta:titleId": "marketing-list-member##xdm:marketingListKey##title##59911",
          "meta:descriptionId": "marketing-list-member##xdm:marketingListKey##description##44301"
        }
      }
    }
  },
  "allOf": [
    {
      "$ref": "https://ns.adobe.com/xdm/common/extensible#/definitions/@context"
    },
    {
      "$ref": "https://ns.adobe.com/xdm/data/record"
    },
    {
      "$ref": "#/definitions/marketing-list-member"
    },
    {
      "$ref": "https://ns.adobe.com/xdm/common/external-source-system-audit-details"
    },
    {
      "$ref": "https://ns.adobe.com/xdm/mixins/record-status"
    }
  ],
  "meta:status": "stable",
  "meta:titleId": "marketing-list-member##title##46541",
  "meta:descriptionId": "marketing-list-member##description##7641"
}
