{
  "meta:license": [
    "Copyright 2020 Adobe Systems Incorporated. All rights reserved.",
    "This work is licensed under a Creative Commons Attribution 4.0 International (CC BY 4.0) license",
    "you may not use this file except in compliance with the License. You may obtain a copy",
    "of the License at https://creativecommons.org/licenses/by/4.0/"
  ],
  "$id": "https://ns.adobe.com/xdm/classes/marketing-list",
  "$schema": "http://json-schema.org/draft-06/schema#",
  "title": "XDM Business Marketing List",
  "type": "object",
  "meta:tags": {
    "b2bSchema": true
  },
  "meta:extensible": true,
  "meta:abstract": true,
  "meta:extends": ["https://ns.adobe.com/xdm/data/record"],
  "description": "XDM Business Marketing List is a standard Experience Data Model (XDM) class that captures the minimum required properties of a marketing list. Marketing lists allow you to prioritize on prospect clients who are most likely to buy your product. This XDM class can only be included in the profile for customers with the B2B or B2P Edition.",
  "definitions": {
    "marketing-list": {
      "properties": {
        "xdm:marketingListID": {
          "title": "Marketing List ID",
          "description": "Unique ID of the marketing list.",
          "type": "string",
          "meta:titleId": "marketing-list##xdm:marketingListID##title##36091",
          "meta:descriptionId": "marketing-list##xdm:marketingListID##description##98891"
        },
        "xdm:marketingListKey": {
          "title": "Marketing List Key",
          "description": "Unique composite identifier of the Marketing List.",
          "$ref": "https://ns.adobe.com/xdm/datatypes/b2b-source",
          "meta:titleId": "marketing-list##xdm:marketingListKey##title##75021",
          "meta:descriptionId": "marketing-list##xdm:marketingListKey##description##38201"
        },
        "xdm:marketingListName": {
          "title": "Marketing List Name",
          "description": "Name of the marketing list.",
          "type": "string",
          "meta:titleId": "marketing-list##xdm:marketingListName##title##25151",
          "meta:descriptionId": "marketing-list##xdm:marketingListName##description##25281"
        },
        "xdm:marketingListDescription": {
          "title": "Marketing List Description",
          "description": "Description of the marketing list.",
          "type": "string",
          "meta:titleId": "marketing-list##xdm:marketingListDescription##title##23161",
          "meta:descriptionId": "marketing-list##xdm:marketingListDescription##description##56371"
        }
      }
    }
  },
  "allOf": [
    {
      "$ref": "https://ns.adobe.com/xdm/common/extensible#/definitions/@context"
    },
    {
      "$ref": "https://ns.adobe.com/xdm/data/record"
    },
    {
      "$ref": "#/definitions/marketing-list"
    },
    {
      "$ref": "https://ns.adobe.com/xdm/common/external-source-system-audit-details"
    },
    {
      "$ref": "https://ns.adobe.com/xdm/mixins/record-status"
    }
  ],
  "meta:status": "stable",
  "meta:titleId": "marketing-list##title##32631",
  "meta:descriptionId": "marketing-list##description##65341"
}
