{
  "meta:license": [
    "Copyright 2020 Adobe Systems Incorporated. All rights reserved.",
    "This work is licensed under a Creative Commons Attribution 4.0 International (CC BY 4.0) license",
    "you may not use this file except in compliance with the License. You may obtain a copy",
    "of the License at https://creativecommons.org/licenses/by/4.0/"
  ],
  "$id": "https://ns.adobe.com/xdm/context/opportunity-contact-role",
  "$schema": "http://json-schema.org/draft-06/schema#",
  "title": "XDM Buying Group",
  "type": "object",
  "meta:tags": {
    "b2bSchema": true
  },
  "meta:extensible": true,
  "meta:abstract": true,
  "meta:extends": ["https://ns.adobe.com/xdm/data/record"],
  "description": "Opportunity Contact Role. Note that this XDM class can only be included in the profile for customers with the B2B or B2P Edition.",
  "definitions": {
    "opportunity-contact-role": {
      "properties": {
        "xdm:opportunityContactID": {
          "title": "opportunity ContactID",
          "description": "A Unique Key describing a combination of OpportunityID and contactID.",
          "type": "string",
          "meta:titleId": "opportunity-contact-role##xdm:opportunityContactID##title##45231",
          "meta:descriptionId": "opportunity-contact-role##xdm:opportunityContactID##description##27301"
        },
        "xdm:opportunityID": {
          "title": "Opportunity ID",
          "description": "Opportunity ID unique identifier.",
          "type": "string",
          "meta:titleId": "opportunity-contact-role##xdm:opportunityID##title##27381",
          "meta:descriptionId": "opportunity-contact-role##xdm:opportunityID##description##19421"
        },
        "xdm:contactID": {
          "title": "Contact ID",
          "description": "Contact ID unique identifier.",
          "type": "string",
          "meta:titleId": "opportunity-contact-role##xdm:contactID##title##45851",
          "meta:descriptionId": "opportunity-contact-role##xdm:contactID##description##64541"
        }
      }
    }
  },
  "allOf": [
    {
      "$ref": "https://ns.adobe.com/xdm/common/extensible#/definitions/@context"
    },
    {
      "$ref": "https://ns.adobe.com/xdm/data/record"
    },
    {
      "$ref": "#/definitions/opportunity-contact-role"
    },
    {
      "$ref": "https://ns.adobe.com/xdm/common/external-source-system-audit-details"
    }
  ],
  "required": [
    "xdm:opportunityContactID",
    "xdm:opportunityID",
    "xdm:contactID"
  ],
  "meta:status": "deprecated",
  "meta:titleId": "opportunity-contact-role##title##7661",
  "meta:descriptionId": "opportunity-contact-role##description##87761"
}
