{
  "meta:license": [
    "Copyright 2020 Adobe Systems Incorporated. All rights reserved.",
    "This work is licensed under a Creative Commons Attribution 4.0 International (CC BY 4.0) license",
    "you may not use this file except in compliance with the License. You may obtain a copy",
    "of the License at https://creativecommons.org/licenses/by/4.0/"
  ],
  "$id": "https://ns.adobe.com/xdm/context/opportunity",
  "$schema": "http://json-schema.org/draft-06/schema#",
  "title": "XDM Business Opportunity",
  "type": "object",
  "meta:tags": {
    "b2bSchema": true
  },
  "auditable": true,
  "meta:extensible": true,
  "meta:abstract": true,
  "meta:extends": ["https://ns.adobe.com/xdm/data/record"],
  "description": "XDM Business Opportunity is a standard Experience Data Model (XDM) class that captures the minimum required properties of a business opportunity. This XDM class can only be included in the profile for customers with the B2B or B2P Edition.",
  "definitions": {
    "opportunity": {
      "properties": {
        "xdm:opportunityID": {
          "title": "Opportunity ID",
          "description": "Unique ID of the opportunity.",
          "type": "string",
          "meta:titleId": "opportunity##xdm:opportunityID##title##121",
          "meta:descriptionId": "opportunity##xdm:opportunityID##description##45451"
        },
        "xdm:opportunityKey": {
          "title": "Opportunity Key",
          "description": "Unique composite identifier for the Opportunity.",
          "$ref": "https://ns.adobe.com/xdm/datatypes/b2b-source",
          "meta:titleId": "opportunity##xdm:opportunityKey##title##89081",
          "meta:descriptionId": "opportunity##xdm:opportunityKey##description##49971"
        },
        "xdm:opportunityName": {
          "title": "Opportunity Name",
          "description": "Name of the opportunity.",
          "type": "string",
          "meta:titleId": "opportunity##xdm:opportunityName##title##26331",
          "meta:descriptionId": "opportunity##xdm:opportunityName##description##56091"
        },
        "xdm:opportunityDescription": {
          "title": "Opportunity Description",
          "description": "Description of the opportunity.",
          "type": "string",
          "meta:titleId": "opportunity##xdm:opportunityDescription##title##77021",
          "meta:descriptionId": "opportunity##xdm:opportunityDescription##description##86851"
        },
        "xdm:opportunityType": {
          "title": "Opportunity Type",
          "description": "Type of the opportunity.",
          "type": "string",
          "meta:titleId": "opportunity##xdm:opportunityType##title##90401",
          "meta:descriptionId": "opportunity##xdm:opportunityType##description##31291"
        },
        "xdm:opportunityStage": {
          "title": "Opportunity Stage",
          "description": "Sales stage of the opportunity.",
          "type": "string",
          "meta:titleId": "opportunity##xdm:opportunityStage##title##71451",
          "meta:descriptionId": "opportunity##xdm:opportunityStage##description##65591"
        },
        "xdm:accountID": {
          "title": "Account ID",
          "description": "Unique ID of the account this opportunity is associated with.",
          "type": "string",
          "meta:titleId": "opportunity##xdm:accountID##title##77231",
          "meta:descriptionId": "opportunity##xdm:accountID##description##71091"
        },
        "xdm:accountKey": {
          "title": "Account Key",
          "description": "Unique composite identifier of the account this opportunity is associated with.",
          "$ref": "https://ns.adobe.com/xdm/datatypes/b2b-source",
          "meta:titleId": "opportunity##xdm:accountKey##title##83401",
          "meta:descriptionId": "opportunity##xdm:accountKey##description##62551"
        }
      }
    }
  },
  "allOf": [
    {
      "$ref": "https://ns.adobe.com/xdm/common/extensible#/definitions/@context"
    },
    {
      "$ref": "https://ns.adobe.com/xdm/data/record"
    },
    {
      "$ref": "#/definitions/opportunity"
    },
    {
      "$ref": "https://ns.adobe.com/xdm/common/external-source-system-audit-details"
    },
    {
      "$ref": "https://ns.adobe.com/xdm/mixins/record-status"
    }
  ],
  "meta:status": "stable",
  "meta:titleId": "opportunity##title##26231",
  "meta:descriptionId": "opportunity##description##20011"
}
