{
  "meta:license": [
    "Copyright 2020 Adobe Systems Incorporated. All rights reserved.",
    "This work is licensed under a Creative Commons Attribution 4.0 International (CC BY 4.0) license",
    "you may not use this file except in compliance with the License. You may obtain a copy",
    "of the License at https://creativecommons.org/licenses/by/4.0/"
  ],
  "$id": "https://ns.adobe.com/xdm/classes/opportunity-person",
  "$schema": "http://json-schema.org/draft-06/schema#",
  "title": "XDM Business Opportunity Person Relation",
  "type": "object",
  "meta:tags": {
    "b2bSchema": true
  },
  "auditable": true,
  "meta:extensible": true,
  "meta:abstract": true,
  "meta:extends": ["https://ns.adobe.com/xdm/data/record"],
  "description": "XDM Business Opportunity Person Relation is a standard Experience Data Model (XDM) class that captures the minimum required properties of a person that is associated with a business opportunity. This XDM class can only be included in the profile for customers with the B2B or B2P Edition.",
  "definitions": {
    "opportunity-person": {
      "properties": {
        "xdm:opportunityPersonID": {
          "title": "Opportunity Person ID",
          "description": "Unique identifier for the relationship between the opportunity and the person.",
          "type": "string",
          "meta:titleId": "opportunity-person##xdm:opportunityPersonID##title##79401",
          "meta:descriptionId": "opportunity-person##xdm:opportunityPersonID##description##50531"
        },
        "xdm:opportunityPersonKey": {
          "title": "Opportunity Person Key",
          "description": "Unique composite identifier of the relationship between the Opportunity and the Person.",
          "$ref": "https://ns.adobe.com/xdm/datatypes/b2b-source",
          "meta:titleId": "opportunity-person##xdm:opportunityPersonKey##title##78921",
          "meta:descriptionId": "opportunity-person##xdm:opportunityPersonKey##description##44901"
        },
        "xdm:opportunityID": {
          "title": "Opportunity ID",
          "description": "Unique identifier for the opportunity in this opportunity person relationship.",
          "type": "string",
          "meta:titleId": "opportunity-person##xdm:opportunityID##title##51071",
          "meta:descriptionId": "opportunity-person##xdm:opportunityID##description##11071"
        },
        "xdm:opportunityKey": {
          "title": "Opportunity Key",
          "description": "Unique composite identifier of the Opportunity in this opportunity person relationship.",
          "$ref": "https://ns.adobe.com/xdm/datatypes/b2b-source",
          "meta:titleId": "opportunity-person##xdm:opportunityKey##title##56041",
          "meta:descriptionId": "opportunity-person##xdm:opportunityKey##description##36281"
        },
        "xdm:personID": {
          "title": "Person ID",
          "description": "Unique identifier for the person in this opportunity person relationship.",
          "type": "string",
          "meta:titleId": "opportunity-person##xdm:personID##title##46151",
          "meta:descriptionId": "opportunity-person##xdm:personID##description##65611"
        },
        "xdm:personKey": {
          "title": "Person Key",
          "description": "Unique composite identifier of the Person related to the Opportunity.",
          "$ref": "https://ns.adobe.com/xdm/datatypes/b2b-source",
          "meta:titleId": "opportunity-person##xdm:personKey##title##70011",
          "meta:descriptionId": "opportunity-person##xdm:personKey##description##78081"
        },
        "xdm:personRole": {
          "title": "Person Role",
          "description": "Role of the person on this opportunity.",
          "type": "string",
          "meta:titleId": "opportunity-person##xdm:personRole##title##45841",
          "meta:descriptionId": "opportunity-person##xdm:personRole##description##21071"
        },
        "xdm:isPrimary": {
          "title": "Primary Flag",
          "description": "Boolean indicating if the person is the primary contact on this opportunity.",
          "type": "boolean",
          "meta:titleId": "opportunity-person##xdm:isPrimary##title##30241",
          "meta:descriptionId": "opportunity-person##xdm:isPrimary##description##51761"
        }
      }
    }
  },
  "allOf": [
    {
      "$ref": "https://ns.adobe.com/xdm/common/extensible#/definitions/@context"
    },
    {
      "$ref": "https://ns.adobe.com/xdm/data/record"
    },
    {
      "$ref": "#/definitions/opportunity-person"
    },
    {
      "$ref": "https://ns.adobe.com/xdm/common/external-source-system-audit-details"
    },
    {
      "$ref": "https://ns.adobe.com/xdm/mixins/record-status"
    }
  ],
  "meta:status": "stable",
  "meta:titleId": "opportunity-person##title##52421",
  "meta:descriptionId": "opportunity-person##description##46071"
}
