{
  "meta:license": [
    "Copyright 2019 Adobe Systems Incorporated. All rights reserved.",
    "This work is licensed under a Creative Commons Attribution 4.0 International (CC BY 4.0) license",
    "you may not use this file except in compliance with the License. You may obtain a copy",
    "of the License at https://creativecommons.org/licenses/by/4.0/"
  ],
  "$id": "https://ns.adobe.com/xdm/data/adhoc",
  "$schema": "http://json-schema.org/draft-06/schema#",
  "title": "Ad Hoc Schema",
  "type": "object",
  "meta:extensible": true,
  "meta:abstract": true,
  "description": "Used to indicate the behavior of the Ad hoc data semantic when composed into data Schemas. The Ad hoc semantic scope is limited to just the local schema, and no compatibility can be assumed between schemas.",
  "definitions": {
    "adhoc": {
      "properties": {}
    }
  },
  "allOf": [
    {
      "$ref": "#/definitions/adhoc"
    },
    {
      "$ref": "https://ns.adobe.com/xdm/common/extensible#/definitions/@context"
    }
  ],
  "meta:status": "stable",
  "meta:createdDate": "2020-08-10",
  "meta:titleId": "adhoc##title##18631",
  "meta:descriptionId": "adhoc##description##60841"
}
