{
  "meta:license": [
    "Copyright 2018 Adobe Systems Incorporated. All rights reserved.",
    "This work is licensed under a Creative Commons Attribution 4.0 International (CC BY 4.0) license",
    "you may not use this file except in compliance with the License. You may obtain a copy",
    "of the License at https://creativecommons.org/licenses/by/4.0/"
  ],
  "$id": "https://ns.adobe.com/xdm/data/record",
  "$schema": "http://json-schema.org/draft-06/schema#",
  "title": "Record Schema",
  "type": "object",
  "meta:extensible": true,
  "meta:abstract": true,
  "description": "Used to indicate the behavior of record data semantic when composed into data schemas.",
  "definitions": {
    "record": {
      "properties": {
        "@id": {
          "title": "Identifier",
          "type": "string",
          "format": "uri-reference",
          "description": "A unique identifier for the record.",
          "meta:titleId": "record##@id##title##51271",
          "meta:descriptionId": "record##@id##description##16181"
        }
      }
    }
  },
  "allOf": [
    {
      "$ref": "#/definitions/record"
    },
    {
      "$ref": "https://ns.adobe.com/xdm/common/extensible#/definitions/@context"
    }
  ],
  "meta:status": "stable",
  "meta:createdDate": "2020-08-10",
  "meta:titleId": "record##title##65961",
  "meta:descriptionId": "record##description##3921"
}
