{
  "meta:license": [
    "Copyright 2018 Adobe Systems Incorporated. All rights reserved.",
    "This work is licensed under a Creative Commons Attribution 4.0 International (CC BY 4.0) license",
    "you may not use this file except in compliance with the License. You may obtain a copy",
    "of the License at https://creativecommons.org/licenses/by/4.0/"
  ],
  "$id": "https://ns.adobe.com/xdm/data/time-series",
  "$schema": "http://json-schema.org/draft-06/schema#",
  "title": "Time-series Schema",
  "type": "object",
  "meta:extensible": true,
  "meta:abstract": true,
  "description": "Used to indicate the behavior of time partitioned semantics when composed into data schemas.",
  "definitions": {
    "time-series": {
      "properties": {
        "@id": {
          "title": "Identifier",
          "type": "string",
          "format": "uri-reference",
          "description": "A unique identifier for the time-series event.",
          "meta:titleId": "time-series##@id##title##97851",
          "meta:descriptionId": "time-series##@id##description##91771"
        },
        "xdm:timestamp": {
          "title": "Timestamp",
          "type": "string",
          "format": "date-time",
          "description": "The time when an event or observation occurred.",
          "meta:titleId": "time-series##xdm:timestamp##title##71321",
          "meta:descriptionId": "time-series##xdm:timestamp##description##1861"
        },
        "xdm:eventType": {
          "title": "Event Type",
          "type": "string",
          "description": "The primary event type for this time-series record.",
          "meta:enum": {
            "advertising.completes": "Advertising Completes",
            "advertising.timePlayed": "Advertising Time Played",
            "advertising.federated": "Advertising Federated",
            "advertising.clicks": "Advertising Clicks",
            "advertising.conversions": "Advertising Conversions",
            "advertising.firstQuartiles": "Advertising First Quartiles",
            "advertising.impressions": "Advertising Impressions",
            "advertising.midpoints": "Advertising Midpoints",
            "advertising.starts": "Advertising Starts",
            "advertising.thirdQuartiles": "Advertising Third Quartiles",
            "application.close": "Application Close",
            "application.launch": "Application Launch",
            "web.webpagedetails.pageViews": "Web Webpagedetails Page Views",
            "web.webinteraction.linkClicks": "Web Webinteraction Link Clicks",
            "web.formFilledOut": "Web Form Filled Out",
            "commerce.checkouts": "Commerce Checkouts",
            "commerce.productListAdds": "Commerce Product List (Cart) Adds",
            "commerce.productListOpens": "Commerce Product List (Cart) Opens",
            "commerce.productListRemovals": "Commerce Product List (Cart) Removals",
            "commerce.productListReopens": "Commerce Product List (Cart) Reopens",
            "commerce.productListViews": "Commerce Product List (Cart) Views",
            "commerce.productViews": "Commerce Product Views",
            "commerce.purchases": "Commerce Purchases",
            "commerce.saveForLaters": "Commerce Save For Laters",
            "commerce.backofficeOrderPlaced": "Commerce Backoffice Order Placed",
            "commerce.backofficeOrderCancelled": "Commerce Backoffice Order Cancelled",
            "commerce.backofficeOrderItemsShipped": "Commerce Backoffice OrderItems Shipped",
            "commerce.backofficeCreditMemoIssued": "Commerce Backoffice CreditMemo Issued",
            "commerce.backofficeShipmentCompleted": "Commerce Backoffice Shipment Completed",
            "decisioning.propositionDisplay": "Decisioning Proposition Display",
            "decisioning.propositionInteract": "Decisioning Proposition Interact",
            "decisioning.propositionSend": "Decisioning Proposition Send",
            "decisioning.propositionDismiss": "Decisioning Proposition Dismiss",
            "decisioning.propositionTrigger": "Decisioning Proposition Trigger",
            "delivery.feedback": "Delivery Feedback",
            "message.feedback": "Message Feedback",
            "message.tracking": "Message Tracking",
            "pushTracking.applicationOpened": "Push Tracking Application Opened",
            "pushTracking.customAction": "Push Tracking Custom Action",
            "listOperation.removeFromList": "List Operation Remove From List",
            "listOperation.addToList": "List Operation Add To List",
            "leadOperation.scoreChanged": "Lead Operation Score Changed",
            "leadOperation.revenueStageChanged": "Lead Operation Revenue Stage changed",
            "leadOperation.statusInCampaignProgressionChanged": "Lead Operation Status In Campaign Progression Changed",
            "leadOperation.interestingMoment": "Lead Operation Interesting Moment",
            "leadOperation.newLead": "Lead Operation New Lead",
            "leadOperation.convertLead": "Lead Operation Convert Lead",
            "leadOperation.callWebhook": "Lead Operation Call Webhook",
            "leadOperation.changeEngagementCampaignCadence": "Change Engagement Campaign Cadence",
            "leadOperation.addToCampaign": "Lead Operation Add To Campaign",
            "leadOperation.changeCampaignStream": "Lead Operation Change Campaign Stream",
            "leadOperation.mergeLeads": "Lead Operation Merge Leads",
            "directMarketing.emailBounced": "Direct Marketing Email Bounced",
            "directMarketing.emailBouncedSoft": "Direct Marketing Email Bounced Soft",
            "directMarketing.emailDelivered": "Direct Marketing Email Delivered",
            "directMarketing.emailUnsubscribed": "Direct Marketing Email Unsubscribed",
            "directMarketing.emailOpened": "Direct Marketing Email Opened",
            "directMarketing.emailClicked": "Direct Marketing Email Clicked",
            "directMarketing.emailSent": "Direct Marketing Email Sent",
            "opportunityEvent.removeFromOpportunity": "Opportunity Event Remove From Opportunity",
            "opportunityEvent.addToOpportunity": "Opportunity Event Add To Opportunity",
            "opportunityEvent.opportunityUpdated": "Opportunity Event Opportunity Updated",
            "inappmessageTracking.dismiss": "inapp message was dimissed",
            "inappmessageTracking.display": "inapp message was displayed",
            "inappmessageTracking.interact": "inapp message was interacted with",
            "media.ping": "Media ping",
            "media.sessionStart": "Media sessionStart",
            "media.play": "Media play",
            "media.bufferStart": "Media bufferStart",
            "media.pauseStart": "Media pauseStart",
            "media.chapterStart": "Media chapterStart",
            "media.chapterSkip": "Media chapterSkip",
            "media.chapterComplete": "Media chapterComplete",
            "media.adStart": "Media adStart",
            "media.adSkip": "Media adSkip",
            "media.adComplete": "Media adComplete",
            "media.adBreakStart": "Media adBreakStart",
            "media.adBreakComplete": "Media adBreakComplete",
            "media.bitrateChange": "Media bitrateChange",
            "media.error": "Media error",
            "media.sessionComplete": "Media sessionComplete",
            "media.sessionEnd": "Media sessionEnd",
            "media.statesUpdate": "Media statesUpdate",
            "media.downloaded": "Media downloaded content",
            "media.customTracking": "Media custom tracking",
            "location.entry": "Location entry",
            "location.exit": "Location exit"
          },
          "meta:titleId": "time-series##xdm:eventType##title##79221",
          "meta:descriptionId": "time-series##xdm:eventType##description##27681"
        }
      }
    }
  },
  "allOf": [
    {
      "$ref": "#/definitions/time-series"
    },
    {
      "$ref": "https://ns.adobe.com/xdm/common/extensible#/definitions/@context"
    }
  ],
  "meta:status": "stable",
  "meta:createdDate": "2020-08-10",
  "meta:titleId": "time-series##title##66611",
  "meta:descriptionId": "time-series##description##35031"
}
