{
  "meta:license": [
    "Copyright 2017 Adobe Systems Incorporated. All rights reserved.",
    "This work is licensed under a Creative Commons Attribution 4.0 International (CC BY 4.0) license",
    "you may not use this file except in compliance with the License. You may obtain a copy",
    "of the License at https://creativecommons.org/licenses/by/4.0/"
  ],
  "$id": "https://ns.adobe.com/xdm/common/auditable",
  "$schema": "http://json-schema.org/draft-06/schema#",
  "title": "Audit trail",
  "type": "object",
  "meta:abstract": true,
  "description": "The audit trail schema indicates a data record is auditable. For example, who and when the record was last modified.",
  "definitions": {
    "auditlog": {
      "properties": {
        "xdm:repositoryCreatedBy": {
          "title": "Created by user identifier",
          "type": "string",
          "description": "User ID of who created the record.",
          "meta:titleId": "auditable##xdm:repositoryCreatedBy##title##81581",
          "meta:descriptionId": "auditable##xdm:repositoryCreatedBy##description##79871"
        },
        "xdm:repositoryLastModifiedBy": {
          "title": "Modified by user identifier",
          "type": "string",
          "description": "User ID of who last modified the record. At creation time, `modifiedByUser` is set as `createdByUser`.",
          "meta:titleId": "auditable##xdm:repositoryLastModifiedBy##title##8121",
          "meta:descriptionId": "auditable##xdm:repositoryLastModifiedBy##description##90771"
        },
        "xdm:createdByBatchID": {
          "title": "Created by batch identifier",
          "type": "string",
          "format": "uri-reference",
          "description": "The dataset files in Catalog which has been originating the creation of the record.",
          "meta:titleId": "auditable##xdm:createdByBatchID##title##46121",
          "meta:descriptionId": "auditable##xdm:createdByBatchID##description##60231"
        },
        "xdm:modifiedByBatchID": {
          "title": "Modified by batch identifier",
          "type": "string",
          "format": "uri-reference",
          "description": "The last dataset files in Catalog which has modified the record. At creation time, `modifiedByBatchID` is set as `createdByBatchID`.",
          "meta:titleId": "auditable##xdm:modifiedByBatchID##title##45371",
          "meta:descriptionId": "auditable##xdm:modifiedByBatchID##description##21001"
        }
      }
    }
  },
  "allOf": [
    {
      "$ref": "#/definitions/auditlog"
    },
    {
      "$ref": "http://ns.adobe.com/adobecloud/core/1.0#/definitions/date-properties"
    }
  ],
  "meta:status": "stable",
  "meta:createdDate": "2021-02-19",
  "meta:titleId": "auditable##title##87231",
  "meta:descriptionId": "auditable##description##48551"
}
