{
  "repo:id": "urn:aaid:a:b:01234578-0123-ABCD-abcd-0123456789ab",
  "xmp:createDate": "2017-09-26T15:52:25+00:00",
  "repo:createDate": "2017-09-26T15:52:25+00:00",
  "xdm:repositoryCreatedBy": "lars",
  "xmp:modifyDate": "2017-09-26T15:52:25+00:00",
  "repo:modifyDate": "2017-09-26T15:52:25+00:00",
  "xdm:repositoryLastModifiedBy": "lars",
  "repo:version": "15",
  "repo:size": 1632418,
  "repo:path": "here",
  "repo:etag": "15",
  "repo:name": "example.pdf",
  "dc:format": "application/pdf"
}
