{
  "meta:license": [
    "Copyright 2017 Adobe Systems Incorporated. All rights reserved.",
    "This work is licensed under a Creative Commons Attribution 4.0 International (CC BY 4.0) license",
    "you may not use this file except in compliance with the License. You may obtain a copy",
    "of the License at https://creativecommons.org/licenses/by/4.0/"
  ],
  "$schema": "http://json-schema.org/draft-06/schema#",
  "$id": "https://ns.adobe.com/xdm/assets/artboard",
  "title": "Artboard",
  "type": "object",
  "description": "",
  "meta:extends": "https://ns.adobe.com/xdm/assets/variable-unit-rectangular",
  "meta:extensible": true,
  "definitions": {
    "artboard": {
      "properties": {
        "xdm:name": {
          "type": "string",
          "description": "Name of the artboard. This would be visible to the user and users can specify names that can help them uniquely identify different artboards."
        }
      }
    }
  },
  "allOf": [
    {
      "$ref": "#/definitions/artboard"
    },
    {
      "$ref": "https://ns.adobe.com/xdm/assets/variable-unit-rectangular#/definitions/rectangular"
    }
  ],
  "meta:status": "stable"
}
