{
  "meta:license": [
    "Copyright 2017 Adobe Systems Incorporated. All rights reserved.",
    "This work is licensed under a Creative Commons Attribution 4.0 International (CC BY 4.0) license",
    "you may not use this file except in compliance with the License. You may obtain a copy",
    "of the License at https://creativecommons.org/licenses/by/4.0/"
  ],
  "$schema": "http://json-schema.org/draft-06/schema#",
  "$id": "https://ns.adobe.com/xdm/assets/copyright-owner",
  "title": "Copyright Owner",
  "type": "object",
  "description": "Describes the owner of a copyrighted work through name and ID.",
  "definitions": {
    "copyright": {
      "properties": {
        "plus:copyrightOwnerID": {
          "title": "Copyright Owner ID",
          "type": "string",
          "description": "ID of the copyright owner.\nIf the PLUS-ID being stored in this property is registered with the PLUS Coalition, it should be expressed as a URL. For example: http://plus-id.org/PLUS-ID."
        },
        "plus:copyrightOwnerName": {
          "title": "Copyright Owner Name",
          "type": "string",
          "description": "Name of Copyright Owner."
        }
      }
    }
  },
  "meta:status": "stable"
}
