{
  "meta:license": [
    "Copyright 2017 Adobe Systems Incorporated. All rights reserved.",
    "This work is licensed under a Creative Commons Attribution 4.0 International (CC BY 4.0) license",
    "you may not use this file except in compliance with the License. You may obtain a copy",
    "of the License at https://creativecommons.org/licenses/by/4.0/"
  ],
  "$schema": "http://json-schema.org/draft-06/schema#",
  "$id": "https://ns.adobe.com/xdm/assets/layer-group",
  "title": "Layer Group",
  "meta:extensible": true,
  "type": "object",
  "description": "",
  "definitions": {
    "layer-group": {
      "properties": {
        "xdm:name": {
          "type": "string",
          "title": "Name",
          "description": "Name of the layer group. This will be visible to the user and users can specify names that can help them to identify different layer groups."
        },
        "xdm:layers": {
          "name": "Layers",
          "description": "The layers or layer groups contained in this layer group.",
          "type": "array",
          "items": {
            "anyOf": [
              {
                "$ref": "#/definitions/layer-group"
              },
              {
                "$ref": "https://ns.adobe.com/xdm/assets/layer#/definitions/layer"
              }
            ]
          }
        }
      }
    }
  },
  "allOf": [
    {
      "$ref": "#/definitions/layer-group"
    }
  ],
  "meta:status": "stable"
}
