{
  "meta:license": [
    "Copyright 2017 Adobe Systems Incorporated. All rights reserved.",
    "This work is licensed under a Creative Commons Attribution 4.0 International (CC BY 4.0) license",
    "you may not use this file except in compliance with the License. You may obtain a copy",
    "of the License at https://creativecommons.org/licenses/by/4.0/"
  ],
  "$schema": "http://json-schema.org/draft-06/schema#",
  "$id": "https://ns.adobe.com/xdm/assets/layer",
  "title": "Layer",
  "meta:extensible": true,
  "type": "object",
  "description": "",
  "definitions": {
    "layer": {
      "properties": {
        "xdm:name": {
          "type": "string",
          "title": "Name",
          "description": "Name of the layer. This will be visible to the user and users can specify names that can help them to identify different Layers."
        },
        "xdm:visible": {
          "type": "boolean",
          "title": "Visible",
          "description": "Indicates if a layer is visible in the document. `visible = true` - Layer is visible and `false` - Layer is hidden. Visibility is not to be confused with opacity, which is a layer effect."
        },
        "xdm:style": {
          "type": "string",
          "name": "Style",
          "meta:usereditable": false,
          "description": "A layer style is one or more effects applied to a layer or layer group. You can apply one of the preset styles provided with Photoshop or create a custom style. Photoshop provides a variety of effects—such as shadows, glows, and bevels—that change the appearance of a layer’s contents in a non-destructive way. Layer effects are linked to the layer contents. When you move or edit the contents of the layer, the same effects are applied to the modified contents. For example, if you apply a drop shadow to a text layer and then add new text, the shadow is added automatically to the new text."
        }
      }
    }
  },
  "allOf": [
    {
      "$ref": "#/definitions/layer"
    },
    {
      "$ref": "https://ns.adobe.com/xdm/assets/variable-unit-rectangular#/definitions/rectangular"
    }
  ],
  "meta:status": "stable"
}
