{
  "xdm:name": "Example Layer Group",
  "xdm:layers": [
    {
      "xdm:name": "Example Layer",
      "xdm:width": 768,
      "xdm:height": 768,
      "xdm:originY": 0,
      "xdm:originX": 256,
      "xdm:unit": "pixels",
      "xdm:visible": true
    },
    {
      "xdm:name": "Nested Layer Group",
      "xdm:layers": [
        {
          "xdm:name": "Example Layer in Nested Layer Group",
          "xdm:width": 768,
          "xdm:height": 768,
          "xdm:originY": 0,
          "xdm:originX": 256,
          "xdm:unit": "pixels",
          "xdm:visible": false
        }
      ]
    }
  ]
}
