{
  "repo:id": "urn:aaid:a:b:01234578-0123-ABCD-abcd-0123456789ad",
  "xmp:createDate": "2017-09-26T15:52:25+00:00",
  "repo:createDate": "2017-09-26T15:52:25+00:00",
  "xdm:repositoryCreatedBy": "lars",
  "xmp:modifyDate": "2017-09-26T15:52:25+00:00",
  "repo:modifyDate": "2017-09-26T15:52:25+00:00",
  "xdm:repositoryLastModifiedBy": "2017-09-26T15:52:25+00:00",
  "repo:version": "15",
  "repo:size": 1632418,
  "xdm:path": "here",
  "repo:etag": "15",
  "tiff:imageLength": 2160,
  "tiff:imageWidth": 3840,
  "xdm:aspectRatio": 1.77777777778,
  "xdm:extent": 10920000,
  "xdm:videoFrameRate": "f48s1"
}
