{
  "meta:license": [
    "Copyright 2020 Adobe Systems Incorporated. All rights reserved.",
    "This work is licensed under a Creative Commons Attribution 4.0 International (CC BY 4.0) license",
    "you may not use this file except in compliance with the License. You may obtain a copy",
    "of the License at https://creativecommons.org/licenses/by/4.0/"
  ],
  "$id": "https://ns.adobe.com/experience/marketo/marketo-contact",
  "$schema": "http://json-schema.org/draft-06/schema#",
  "title": "Marketo Contact",
  "type": "object",
  "description": "Marketo Contact schema for use with B2B Accounts and Opportunities. Includes other Profile mixins like person/work details, opt in/out etc.",
  "meta:extensible": true,
  "meta:abstract": true,
  "meta:intendedToExtend": ["https://ns.adobe.com/xdm/context/profile"],
  "meta:extends": ["https://ns.adobe.com/xdm/context/profile-contact-crm"],
  "definitions": {
    "marketo-contact": {
      "properties": {
        "marketo:contactID": {
          "title": "Marketo Contact/Lead Id",
          "description": "Unique identifier for Marketo contact/lead.",
          "type": "string"
        },
        "marketo:instanceID": {
          "title": "Instance Id",
          "description": "Identifier for the Source Marketo Instance.",
          "type": "string"
        },
        "marketo:extendedContact": {
          "title": "Extended Marketo Contact Attributes",
          "$ref": "https://ns.adobe.com/experience/marketo/marketo-contact-lead-person"
        }
      }
    }
  },
  "allOf": [
    {
      "$ref": "https://ns.adobe.com/xdm/context/profile-contact-crm"
    },
    {
      "$ref": "#/definitions/marketo-contact"
    }
  ],
  "required": ["marketo:contactID"],
  "meta:status": "deprecated"
}
