{
  "marketo:marketoIntegrationLogID": "ABC1111",
  "marketo:anonymousHostname": "",
  "marketo:isBlocked": false,
  "marketo:blockedCause": "",
  "marketo:isEmailInvalid": false,
  "marketo:emailInvalidCause": "",
  "marketo:employeePositionID": "",
  "marketo:inferredAddress": {
    "@id": "https://data.adobe.io/entities/address/234",
    "xdm:primary": true,
    "xdm:street1": "100 Park Ave",
    "xdm:city": "San Jose",
    "xdm:stateProvince": "US-CA",
    "xdm:postalCode": "95110",
    "xdm:country": "United States",
    "xdm:countryCode": "US",
    "schema:latitude": 37.3382,
    "schema:longitude": -121.8863,
    "xdm:status": "active",
    "xdm:lastVerifiedDate": "2018-12-20"
  },
  "marketo:inferredCompany": "",
  "marketo:inferredCompanyStatus": "",
  "marketo:inferredMetropolitanArea": "",
  "marketo:inferredPhoneAreaCode": "",
  "marketo:isAnonymous": false,
  "marketo:isCustomer": false,
  "marketo:isEmployee": false,
  "marketo:isPartner": true,
  "marketo:isPrivate": false,
  "marketo:accountID": "",
  "marketo:marketingSuspended": false,
  "marketo:marketingSuspendedCause": "",
  "marketo:notes": "",
  "marketo:orgID": "",
  "marketo:primaryLeadInterestID": false,
  "marketo:registerSourceInfo": "",
  "marketo:registerSourceType": "",
  "marketo:salesContactOwnerID": "",
  "marketo:originalReferrer": "",
  "marketo:originalSearchEngine": "",
  "marketo:originalSearchPhrase": "",
  "marketo:originalSourceInfo": "",
  "marketo:originalSourceType": ""
}
