{
  "meta:license": [
    "Copyright 2017 Adobe Systems Incorporated. All rights reserved.",
    "This work is licensed under a Creative Commons Attribution 4.0 International (CC BY 4.0) license",
    "you may not use this file except in compliance with the License. You may obtain a copy",
    "of the License at https://creativecommons.org/licenses/by/4.0/"
  ],
  "$schema": "http://json-schema.org/draft-06/schema#",
  "$id": "https://ns.adobe.com/xdm/external/activity-streams-2/id",
  "description": "Provides the globally unique identifier for an [Object](https://www.w3.org/TR/activitystreams-vocabulary/#dfn-object) or [Link](https://www.w3.org/TR/activitystreams-vocabulary/#dfn-link). Refer to the [JSON-LD](https://json-ld.org/spec/latest/json-ld/) specification for a complete description of the `@id` field.",
  "properties": {
    "@id": {
      "type": "string",
      "format": "uri-reference"
    }
  },
  "title": "JSON-LD `@id`",
  "type": "object",
  "meta:status": "stable"
}
