{
  "meta:license": [
    "Copyright 2017 Adobe Systems Incorporated. All rights reserved.",
    "This work is licensed under a Creative Commons Attribution 4.0 International (CC BY 4.0) license",
    "you may not use this file except in compliance with the License. You may obtain a copy",
    "of the License at https://creativecommons.org/licenses/by/4.0/"
  ],
  "$schema": "http://json-schema.org/draft-06/schema#",
  "$id": "https://ns.adobe.com/xdm/external/activity-streams-2/rdf-langstring",
  "type": "object",
  "definitions": {
    "tag": {
      "type": "string",
      "title": "Language Tag",
      "pattern": "^(((([A-Za-z]{2,3}(-([A-Za-z]{3}(-[A-Za-z]{3}){0,2}))?)|[A-Za-z]{4}|[A-Za-z]{5,8})(-([A-Za-z]{4}))?(-([A-Za-z]{2}|[0-9]{3}))?(-([A-Za-z0-9]{5,8}|[0-9][A-Za-z0-9]{3}))*(-([0-9A-WY-Za-wy-z](-[A-Za-z0-9]{2,8})+))*(-(x(-[A-Za-z0-9]{1,8})+))?)|(x(-[A-Za-z0-9]{1,8})+)|((en-GB-oed|i-ami|i-bnn|i-default|i-enochian|i-hak|i-klingon|i-lux|i-mingo|i-navajo|i-pwn|i-tao|i-tay|i-tsu|sgn-BE-FR|sgn-BE-NL|sgn-CH-DE)|(art-lojban|cel-gaulish|no-bok|no-nyn|zh-guoyu|zh-hakka|zh-min|zh-min-nan|zh-xiang)))$",
      "description": "A language tag as defined by [BCP47](https://tools.ietf.org/html/bcp47)."
    }
  },
  "patternProperties": {
    "^(((([A-Za-z]{2,3}(-([A-Za-z]{3}(-[A-Za-z]{3}){0,2}))?)|[A-Za-z]{4}|[A-Za-z]{5,8})(-([A-Za-z]{4}))?(-([A-Za-z]{2}|[0-9]{3}))?(-([A-Za-z0-9]{5,8}|[0-9][A-Za-z0-9]{3}))*(-([0-9A-WY-Za-wy-z](-[A-Za-z0-9]{2,8})+))*(-(x(-[A-Za-z0-9]{1,8})+))?)|(x(-[A-Za-z0-9]{1,8})+)|((en-GB-oed|i-ami|i-bnn|i-default|i-enochian|i-hak|i-klingon|i-lux|i-mingo|i-navajo|i-pwn|i-tao|i-tay|i-tsu|sgn-BE-FR|sgn-BE-NL|sgn-CH-DE)|(art-lojban|cel-gaulish|no-bok|no-nyn|zh-guoyu|zh-hakka|zh-min|zh-min-nan|zh-xiang)))$": {
      "type": "string"
    }
  },
  "additionalProperties": false,
  "title": "RDF Language Tagged String",
  "description": "The class `rdf:langString` is the class of [language-tagged string values](http://www.w3.org/TR/rdf11-concepts/#dfn-language-tagged-string).",
  "meta:status": "stable"
}
