{
  "meta:license": [
    "Copyright 2017 Adobe Systems Incorporated. All rights reserved.",
    "This work is licensed under a Creative Commons Attribution 4.0 International (CC BY 4.0) license",
    "you may not use this file except in compliance with the License. You may obtain a copy",
    "of the License at https://creativecommons.org/licenses/by/4.0/"
  ],
  "$schema": "http://json-schema.org/draft-06/schema#",
  "$id": "https://ns.adobe.com/xdm/external/activity-streams-2/type",
  "type": "object",
  "title": "JSON-LD `@type`",
  "description": "Identifies the [Object](https://www.w3.org/TR/activitystreams-vocabulary/#dfn-object) or [Link](https://www.w3.org/TR/activitystreams-vocabulary/#dfn-link) type. Multiple values may be specified. Refer to the [JSON-LD](https://json-ld.org/spec/latest/json-ld/) specification for a complete description of the `@type` field.",
  "definitions": {
    "type": {
      "oneOf": [
        {
          "items": {
            "type": "string",
            "format": "uri"
          },
          "type": "array"
        },
        {
          "type": "string",
          "format": "uri"
        }
      ]
    }
  },
  "properties": {
    "@type": {
      "$ref": "#/definitions/type"
    }
  },
  "meta:status": "stable"
}
