{
  "meta:license": [
    "Copyright 2020 Adobe Systems Incorporated. All rights reserved.",
    "This work is licensed under a Creative Commons Attribution 4.0 International (CC BY 4.0) license",
    "you may not use this file except in compliance with the License. You may obtain a copy",
    "of the License at https://creativecommons.org/licenses/by/4.0/"
  ],
  "$id": "https://ns.adobe.com/xdm/context/activity-type-details",
  "$schema": "http://json-schema.org/draft-06/schema#",
  "title": "XDM Activity Type Details",
  "type": "object",
  "meta:extensible": true,
  "meta:abstract": true,
  "meta:intendedToExtend": ["https://ns.adobe.com/xdm/context/activity-type"],
  "description": "An XDM Activity representing task or a business event",
  "definitions": {
    "activity-type-details": {
      "properties": {
        "xdm:activityType": {
          "title": "Activity Type Details",
          "$ref": "https://ns.adobe.com/xdm/common/activity-type-reference-details",
          "description": "Additional properties for Activity type"
        }
      }
    }
  },
  "allOf": [
    {
      "$ref": "https://ns.adobe.com/xdm/common/extensible#/definitions/@context"
    },
    {
      "$ref": "#/definitions/activity-type-details"
    }
  ],
  "meta:status": "experimental"
}
