{
  "meta:license": [
    "Copyright 2017 Adobe Systems Incorporated. All rights reserved.",
    "This work is licensed under a Creative Commons Attribution 4.0 International (CC BY 4.0) license",
    "you may not use this file except in compliance with the License. You may obtain a copy",
    "of the License at https://creativecommons.org/licenses/by/4.0/"
  ],
  "$id": "https://ns.adobe.com/xdm/channels/application",
  "$schema": "http://json-schema.org/draft-06/schema#",
  "title": "Application Channel",
  "type": "object",
  "meta:abstract": true,
  "description": "An application channel identifies apps that accepts messages or transmit events to the channel.",
  "definitions": {
    "application": {
      "properties": {
        "@id": {
          "title": "Application Identifier",
          "type": "string",
          "description": "Unique identifier of the app.",
          "meta:titleId": "application##@id##title##83111",
          "meta:descriptionId": "application##@id##description##65211"
        },
        "xdm:name": {
          "title": "Name",
          "type": "string",
          "description": "Name of the app.",
          "meta:titleId": "application##xdm:name##title##8331",
          "meta:descriptionId": "application##xdm:name##description##52691"
        },
        "xdm:version": {
          "title": "Version",
          "type": "string",
          "description": "Version of the app.",
          "meta:titleId": "application##xdm:version##title##4841",
          "meta:descriptionId": "application##xdm:version##description##15421"
        }
      }
    }
  },
  "allOf": [
    {
      "$ref": "#/definitions/application"
    }
  ],
  "meta:status": "stable",
  "meta:createdDate": "2020-08-10",
  "meta:titleId": "application##title##26151",
  "meta:descriptionId": "application##description##61631"
}
