{
  "meta:license": [
    "Copyright 2017 Adobe Systems Incorporated. All rights reserved.",
    "This work is licensed under a Creative Commons Attribution 4.0 International (CC BY 4.0) license",
    "you may not use this file except in compliance with the License. You may obtain a copy",
    "of the License at https://creativecommons.org/licenses/by/4.0/"
  ],
  "$id": "https://ns.adobe.com/xdm/channels/phone",
  "$schema": "http://json-schema.org/draft-06/schema#",
  "title": "Phone Channel",
  "description": "The telephone channel includes both inbound and outbound messages.",
  "meta:extensible": true,
  "meta:extends": [
    "https://ns.adobe.com/xdm/channels/channel#/definitions/channel"
  ],
  "type": "object",
  "meta:abstract": true,
  "definitions": {
    "channel": {
      "properties": {
        "@id": {
          "type": "string",
          "format": "uri-reference",
          "const": "https://ns.adobe.com/xdm/channels/phone",
          "description": "The ID uniquely identifies the channel. Each specific experience channel defines a constant `@id`.",
          "meta:descriptionId": "phone##@id##description##43831"
        },
        "xdm:mode": {
          "type": "string",
          "const": "bidirectional",
          "description": "How experiences are delivered in this channel.",
          "meta:enum": {
            "push": "The publisher of an experience can initiate an experience by sending a message into the channel. Most `push` channels involve some form of subscription or opt-in.",
            "pull": "The consumer can initiate an experience by requesting a location in the channel. Most `pull` channels give publishers some control how the experience is then delivered.",
            "bidirectional": "Both `push` and `pull` interaction modes are supported by the channel."
          },
          "meta:descriptionId": "phone##xdm:mode##description##75341"
        },
        "@type": {
          "type": "string",
          "format": "uri",
          "description": "The `@type` property is used to provide a rough classification of channels with similar properties.",
          "const": "https://ns.adobe.com/xdm/channel-types/offline",
          "meta:enum": {
            "https://ns.adobe.com/xdm/channel-types/web": "The world wide web, including mobile web",
            "https://ns.adobe.com/xdm/channel-types/social": "Social media platforms",
            "https://ns.adobe.com/xdm/channel-types/mobile": "Mobile apps",
            "https://ns.adobe.com/xdm/channel-types/messaging": "Instant messaging",
            "https://ns.adobe.com/xdm/channel-types/email": "Email",
            "https://ns.adobe.com/xdm/channel-types/offline": "Non-digital experience channels"
          },
          "meta:descriptionId": "phone##@type##description##36651"
        },
        "xdm:contentTypes": {
          "type": "array",
          "items": {
            "type": "string"
          },
          "const": [],
          "description": "The content types that this channel can deliver.",
          "meta:descriptionId": "phone##xdm:contentTypes##description##94561"
        },
        "xdm:metricTypes": {
          "type": "array",
          "items": {
            "type": "string"
          },
          "const": [],
          "description": "The metrics that can be collected in this channel.",
          "meta:descriptionId": "phone##xdm:metricTypes##description##36661"
        },
        "xdm:locationTypes": {
          "type": "array",
          "items": {
            "type": "string"
          },
          "const": [],
          "description": "The types of locations (virtual places) that this channel consists of and can deliver content to.",
          "meta:descriptionId": "phone##xdm:locationTypes##description##6451"
        }
      }
    }
  },
  "allOf": [
    {
      "$ref": "https://ns.adobe.com/xdm/common/extensible#/definitions/@context"
    },
    {
      "$ref": "https://ns.adobe.com/xdm/channels/channel#/definitions/channel"
    },
    {
      "$ref": "#/definitions/channel"
    }
  ],
  "required": ["@id"],
  "meta:status": "stable",
  "meta:createdDate": "2020-08-10",
  "meta:titleId": "phone##title##56491",
  "meta:descriptionId": "phone##description##25861"
}
